analyst,player,position,team,overall_rank,position_rank,tier,source_url,pulled_date
Heath Cummings,Josh Allen,QB,BUF,,,1,https://www.cbssports.com/fantasy/football/news/heath-cummings-2026-fantasy-football-quarterback-tiers-3-0/,2026-09-05
Heath Cummings,Lamar Jackson,QB,BAL,,,2,https://www.cbssports.com/fantasy/football/news/heath-cummings-2026-fantasy-football-quarterback-tiers-3-0/,2026-09-05
Heath Cummings,Drake Maye,QB,NE,,,2,https://www.cbssports.com/fantasy/football/news/heath-cummings-2026-fantasy-football-quarterback-tiers-3-0/,2026-09-05
Heath Cummings,Jayden Daniels,QB,WAS,,,2,https://www.cbssports.com/fantasy/football/news/heath-cummings-2026-fantasy-football-quarterback-tiers-3-0/,2026-09-05
Heath Cummings,Joe Burrow,QB,CIN,,,2,https://www.cbssports.com/fantasy/football/news/heath-cummings-2026-fantasy-football-quarterback-tiers-3-0/,2026-09-05
Heath Cummings,Jalen Hurts,QB,PHI,,,2,https://www.cbssports.com/fantasy/football/news/heath-cummings-2026-fantasy-football-quarterback-tiers-3-0/,2026-09-05
Heath Cummings,Dak Prescott,QB,DAL,,,3,https://www.cbssports.com/fantasy/football/news/heath-cummings-2026-fantasy-football-quarterback-tiers-3-0/,2026-09-05
Heath Cummings,Brock Purdy,QB,SF,,,3,https://www.cbssports.com/fantasy/football/news/heath-cummings-2026-fantasy-football-quarterback-tiers-3-0/,2026-09-05
Heath Cummings,Jared Goff,QB,DET,,,3,https://www.cbssports.com/fantasy/football/news/heath-cummings-2026-fantasy-football-quarterback-tiers-3-0/,2026-09-05
Heath Cummings,Trevor Lawrence,QB,JAC,,,4,https://www.cbssports.com/fantasy/football/news/heath-cummings-2026-fantasy-football-quarterback-tiers-3-0/,2026-09-05
Heath Cummings,Justin Herbert,QB,LAC,,,4,https://www.cbssports.com/fantasy/football/news/heath-cummings-2026-fantasy-football-quarterback-tiers-3-0/,2026-09-05
Heath Cummings,Jaxson Dart,QB,NYG,,,4,https://www.cbssports.com/fantasy/football/news/heath-cummings-2026-fantasy-football-quarterback-tiers-3-0/,2026-09-05
Heath Cummings,Caleb Williams,QB,CHI,,,4,https://www.cbssports.com/fantasy/football/news/heath-cummings-2026-fantasy-football-quarterback-tiers-3-0/,2026-09-05
Heath Cummings,Tyler Shough,QB,NO,,,4,https://www.cbssports.com/fantasy/football/news/heath-cummings-2026-fantasy-football-quarterback-tiers-3-0/,2026-09-05
Heath Cummings,Matthew Stafford,QB,LAR,,,4,https://www.cbssports.com/fantasy/football/news/heath-cummings-2026-fantasy-football-quarterback-tiers-3-0/,2026-09-05
Heath Cummings,Bo Nix,QB,DEN,,,5,https://www.cbssports.com/fantasy/football/news/heath-cummings-2026-fantasy-football-quarterback-tiers-3-0/,2026-09-05
Heath Cummings,Jordan Love,QB,GB,,,5,https://www.cbssports.com/fantasy/football/news/heath-cummings-2026-fantasy-football-quarterback-tiers-3-0/,2026-09-05
Heath Cummings,Malik Willis,QB,MIA,,,5,https://www.cbssports.com/fantasy/football/news/heath-cummings-2026-fantasy-football-quarterback-tiers-3-0/,2026-09-05
Heath Cummings,Kyler Murray,QB,MIN,,,5,https://www.cbssports.com/fantasy/football/news/heath-cummings-2026-fantasy-football-quarterback-tiers-3-0/,2026-09-05
Heath Cummings,Baker Mayfield,QB,TB,,,5,https://www.cbssports.com/fantasy/football/news/heath-cummings-2026-fantasy-football-quarterback-tiers-3-0/,2026-09-05
Heath Cummings,Patrick Mahomes,QB,KC,,,5,https://www.cbssports.com/fantasy/football/news/heath-cummings-2026-fantasy-football-quarterback-tiers-3-0/,2026-09-05
Heath Cummings,C.J. Stroud,QB,HOU,,,6,https://www.cbssports.com/fantasy/football/news/heath-cummings-2026-fantasy-football-quarterback-tiers-3-0/,2026-09-05
Heath Cummings,Daniel Jones,QB,IND,,,6,https://www.cbssports.com/fantasy/football/news/heath-cummings-2026-fantasy-football-quarterback-tiers-3-0/,2026-09-05
Heath Cummings,Sam Darnold,QB,SEA,,,6,https://www.cbssports.com/fantasy/football/news/heath-cummings-2026-fantasy-football-quarterback-tiers-3-0/,2026-09-05
Heath Cummings,Cam Ward,QB,TEN,,,6,https://www.cbssports.com/fantasy/football/news/heath-cummings-2026-fantasy-football-quarterback-tiers-3-0/,2026-09-05
Heath Cummings,Tua Tagovailoa,QB,ATL,,,7,https://www.cbssports.com/fantasy/football/news/heath-cummings-2026-fantasy-football-quarterback-tiers-3-0/,2026-09-05
Heath Cummings,Jacoby Brissett,QB,ARI,,,7,https://www.cbssports.com/fantasy/football/news/heath-cummings-2026-fantasy-football-quarterback-tiers-3-0/,2026-09-05
Heath Cummings,Aaron Rodgers,QB,PIT,,,7,https://www.cbssports.com/fantasy/football/news/heath-cummings-2026-fantasy-football-quarterback-tiers-3-0/,2026-09-05
Heath Cummings,Fernando Mendoza,QB,LV,,,7,https://www.cbssports.com/fantasy/football/news/heath-cummings-2026-fantasy-football-quarterback-tiers-3-0/,2026-09-05
Heath Cummings,Bryce Young,QB,CAR,,,7,https://www.cbssports.com/fantasy/football/news/heath-cummings-2026-fantasy-football-quarterback-tiers-3-0/,2026-09-05
Heath Cummings,Deshaun Watson,QB,CLE,,,7,https://www.cbssports.com/fantasy/football/news/heath-cummings-2026-fantasy-football-quarterback-tiers-3-0/,2026-09-05
Heath Cummings,Geno Smith,QB,NYJ,,,7,https://www.cbssports.com/fantasy/football/news/heath-cummings-2026-fantasy-football-quarterback-tiers-3-0/,2026-09-05
Heath Cummings,Shedeur Sanders,QB,CLE,,,7,https://www.cbssports.com/fantasy/football/news/heath-cummings-2026-fantasy-football-quarterback-tiers-3-0/,2026-09-05
Heath Cummings,Kirk Cousins,QB,LV,,,7,https://www.cbssports.com/fantasy/football/news/heath-cummings-2026-fantasy-football-quarterback-tiers-3-0/,2026-09-05
Heath Cummings,Michael Penix Jr.,QB,ATL,,,7,https://www.cbssports.com/fantasy/football/news/heath-cummings-2026-fantasy-football-quarterback-tiers-3-0/,2026-09-05
Heath Cummings,Jahmyr Gibbs,RB,DET,,,1,https://www.cbssports.com/fantasy/football/news/fantasy-football-running-back-projections-tiers-rankings/,2026-09-05
Heath Cummings,Bijan Robinson,RB,ATL,,,1,https://www.cbssports.com/fantasy/football/news/fantasy-football-running-back-projections-tiers-rankings/,2026-09-05
Heath Cummings,Jonathan Taylor,RB,IND,,,2,https://www.cbssports.com/fantasy/football/news/fantasy-football-running-back-projections-tiers-rankings/,2026-09-05
Heath Cummings,Christian McCaffrey,RB,SF,,,2,https://www.cbssports.com/fantasy/football/news/fantasy-football-running-back-projections-tiers-rankings/,2026-09-05
Heath Cummings,De'Von Achane,RB,MIA,,,3,https://www.cbssports.com/fantasy/football/news/fantasy-football-running-back-projections-tiers-rankings/,2026-09-05
Heath Cummings,James Cook,RB,BUF,,,3,https://www.cbssports.com/fantasy/football/news/fantasy-football-running-back-projections-tiers-rankings/,2026-09-05
Heath Cummings,Chase Brown,RB,CIN,,,3,https://www.cbssports.com/fantasy/football/news/fantasy-football-running-back-projections-tiers-rankings/,2026-09-05
Heath Cummings,Derrick Henry,RB,TEN,,,4,https://www.cbssports.com/fantasy/football/news/fantasy-football-running-back-projections-tiers-rankings/,2026-09-05
Heath Cummings,Saquon Barkley,RB,PHI,,,4,https://www.cbssports.com/fantasy/football/news/fantasy-football-running-back-projections-tiers-rankings/,2026-09-05
Heath Cummings,Kenneth Walker III,RB,KC,,,4,https://www.cbssports.com/fantasy/football/news/fantasy-football-running-back-projections-tiers-rankings/,2026-09-05
Heath Cummings,Omarion Hampton,RB,LAC,,,4,https://www.cbssports.com/fantasy/football/news/fantasy-football-running-back-projections-tiers-rankings/,2026-09-05
Heath Cummings,Travis Etienne,RB,JAC,,,5,https://www.cbssports.com/fantasy/football/news/fantasy-football-running-back-projections-tiers-rankings/,2026-09-05
Heath Cummings,Breece Hall,RB,NYJ,,,5,https://www.cbssports.com/fantasy/football/news/fantasy-football-running-back-projections-tiers-rankings/,2026-09-05
Heath Cummings,Ashton Jeanty,RB,LV,,,5,https://www.cbssports.com/fantasy/football/news/fantasy-football-running-back-projections-tiers-rankings/,2026-09-05
Heath Cummings,Kyren Williams,RB,LAR,,,5,https://www.cbssports.com/fantasy/football/news/fantasy-football-running-back-projections-tiers-rankings/,2026-09-05
Heath Cummings,D'Andre Swift,RB,CHI,,,5,https://www.cbssports.com/fantasy/football/news/fantasy-football-running-back-projections-tiers-rankings/,2026-09-05
Heath Cummings,Quinshon Judkins,RB,NYG,,,5,https://www.cbssports.com/fantasy/football/news/fantasy-football-running-back-projections-tiers-rankings/,2026-09-05
Heath Cummings,Javonte Williams,RB,DEN,,,5,https://www.cbssports.com/fantasy/football/news/fantasy-football-running-back-projections-tiers-rankings/,2026-09-05
Heath Cummings,Marshawn Lloyd,RB,LV,,,5,https://www.cbssports.com/fantasy/football/news/fantasy-football-running-back-projections-tiers-rankings/,2026-09-05
Heath Cummings,Rhamondre Stevenson,RB,NE,,,5,https://www.cbssports.com/fantasy/football/news/fantasy-football-running-back-projections-tiers-rankings/,2026-09-05
Heath Cummings,Bucky Irving,RB,TB,,,6,https://www.cbssports.com/fantasy/football/news/fantasy-football-running-back-projections-tiers-rankings/,2026-09-05
Heath Cummings,Jeremiyah Love,RB,WAS,,,6,https://www.cbssports.com/fantasy/football/news/fantasy-football-running-back-projections-tiers-rankings/,2026-09-05
Heath Cummings,Cam Skattebo,RB,ARI,,,6,https://www.cbssports.com/fantasy/football/news/fantasy-football-running-back-projections-tiers-rankings/,2026-09-05
Heath Cummings,Rico Dowdle,RB,DAL,,,6,https://www.cbssports.com/fantasy/football/news/fantasy-football-running-back-projections-tiers-rankings/,2026-09-05
Heath Cummings,Tony Pollard,RB,TEN,,,6,https://www.cbssports.com/fantasy/football/news/fantasy-football-running-back-projections-tiers-rankings/,2026-09-05
Heath Cummings,Jaylen Warren,RB,PIT,,,6,https://www.cbssports.com/fantasy/football/news/fantasy-football-running-back-projections-tiers-rankings/,2026-09-05
Heath Cummings,Bhayshul Tuten,RB,LV,,,6,https://www.cbssports.com/fantasy/football/news/fantasy-football-running-back-projections-tiers-rankings/,2026-09-05
Heath Cummings,David Montgomery,RB,HOU,,,6,https://www.cbssports.com/fantasy/football/news/fantasy-football-running-back-projections-tiers-rankings/,2026-09-05
Heath Cummings,TreVeyon Henderson,RB,CIN,,,6,https://www.cbssports.com/fantasy/football/news/fantasy-football-running-back-projections-tiers-rankings/,2026-09-05
Heath Cummings,RJ Harvey,RB,NO,,,7,https://www.cbssports.com/fantasy/football/news/fantasy-football-running-back-projections-tiers-rankings/,2026-09-05
Heath Cummings,Jadarian Price,RB,SEA,,,7,https://www.cbssports.com/fantasy/football/news/fantasy-football-running-back-projections-tiers-rankings/,2026-09-05
Heath Cummings,Jonathon Brooks,RB,CAR,,,7,https://www.cbssports.com/fantasy/football/news/fantasy-football-running-back-projections-tiers-rankings/,2026-09-05
Heath Cummings,J.K. Dobbins,RB,LAC,,,7,https://www.cbssports.com/fantasy/football/news/fantasy-football-running-back-projections-tiers-rankings/,2026-09-05
Heath Cummings,Jacory Croskey-Merritt,RB,IND,,,7,https://www.cbssports.com/fantasy/football/news/fantasy-football-running-back-projections-tiers-rankings/,2026-09-05
Heath Cummings,Brock Bowers,TE,LV,,,1,https://www.cbssports.com/fantasy/football/news/heath-cummings-2026-fantasy-football-te-tiers-3-0/,2026-09-05
Heath Cummings,Colston Loveland,TE,CHI,,,1,https://www.cbssports.com/fantasy/football/news/heath-cummings-2026-fantasy-football-te-tiers-3-0/,2026-09-05
Heath Cummings,Trey McBride,TE,ARI,,,1,https://www.cbssports.com/fantasy/football/news/heath-cummings-2026-fantasy-football-te-tiers-3-0/,2026-09-05
Heath Cummings,Sam LaPorta,TE,DET,,,2,https://www.cbssports.com/fantasy/football/news/heath-cummings-2026-fantasy-football-te-tiers-3-0/,2026-09-05
Heath Cummings,Kyle Pitts,TE,ATL,,,2,https://www.cbssports.com/fantasy/football/news/heath-cummings-2026-fantasy-football-te-tiers-3-0/,2026-09-05
Heath Cummings,Tyler Warren,TE,PIT,,,3,https://www.cbssports.com/fantasy/football/news/heath-cummings-2026-fantasy-football-te-tiers-3-0/,2026-09-05
Heath Cummings,Tucker Kraft,TE,SF,,,3,https://www.cbssports.com/fantasy/football/news/heath-cummings-2026-fantasy-football-te-tiers-3-0/,2026-09-05
Heath Cummings,Isaiah Likely,TE,NYJ,,,4,https://www.cbssports.com/fantasy/football/news/heath-cummings-2026-fantasy-football-te-tiers-3-0/,2026-09-05
Heath Cummings,Travis Kelce,TE,KC,,,5,https://www.cbssports.com/fantasy/football/news/heath-cummings-2026-fantasy-football-te-tiers-3-0/,2026-09-05
Heath Cummings,Harold Fannin Jr.,TE,CLE,,,5,https://www.cbssports.com/fantasy/football/news/heath-cummings-2026-fantasy-football-te-tiers-3-0/,2026-09-05
Heath Cummings,Dallas Goedert,TE,PHI,,,5,https://www.cbssports.com/fantasy/football/news/heath-cummings-2026-fantasy-football-te-tiers-3-0/,2026-09-05
Heath Cummings,Dalton Kincaid,TE,BUF,,,5,https://www.cbssports.com/fantasy/football/news/heath-cummings-2026-fantasy-football-te-tiers-3-0/,2026-09-05
Heath Cummings,George Kittle,TE,SF,,,5,https://www.cbssports.com/fantasy/football/news/heath-cummings-2026-fantasy-football-te-tiers-3-0/,2026-09-05
Jamey Eisenberg,Ja'Marr Chase,WR,CIN,,1,1,https://www.cbssports.com/fantasy/football/news/jamey-eisenberg-wide-receiver-rankings-2026-wr-tiers/,2026-09-05
Jamey Eisenberg,Puka Nacua,WR,LAR,,2,1,https://www.cbssports.com/fantasy/football/news/jamey-eisenberg-wide-receiver-rankings-2026-wr-tiers/,2026-09-05
Jamey Eisenberg,Amon-Ra St. Brown,WR,DET,,3,1,https://www.cbssports.com/fantasy/football/news/jamey-eisenberg-wide-receiver-rankings-2026-wr-tiers/,2026-09-05
Jamey Eisenberg,Jaxon Smith-Njigba,WR,SEA,,4,1,https://www.cbssports.com/fantasy/football/news/jamey-eisenberg-wide-receiver-rankings-2026-wr-tiers/,2026-09-05
Jamey Eisenberg,CeeDee Lamb,WR,DAL,,5,2,https://www.cbssports.com/fantasy/football/news/jamey-eisenberg-wide-receiver-rankings-2026-wr-tiers/,2026-09-05
Jamey Eisenberg,Justin Jefferson,WR,MIN,,6,2,https://www.cbssports.com/fantasy/football/news/jamey-eisenberg-wide-receiver-rankings-2026-wr-tiers/,2026-09-05
Jamey Eisenberg,A.J. Brown,WR,NE,,7,3,https://www.cbssports.com/fantasy/football/news/jamey-eisenberg-wide-receiver-rankings-2026-wr-tiers/,2026-09-05
Jamey Eisenberg,Drake London,WR,ATL,,8,3,https://www.cbssports.com/fantasy/football/news/jamey-eisenberg-wide-receiver-rankings-2026-wr-tiers/,2026-09-05
Jamey Eisenberg,Nico Collins,WR,HOU,,9,3,https://www.cbssports.com/fantasy/football/news/jamey-eisenberg-wide-receiver-rankings-2026-wr-tiers/,2026-09-05
Jamey Eisenberg,George Pickens,WR,DAL,,10,3,https://www.cbssports.com/fantasy/football/news/jamey-eisenberg-wide-receiver-rankings-2026-wr-tiers/,2026-09-05
Jamey Eisenberg,Chris Olave,WR,NO,,11,3,https://www.cbssports.com/fantasy/football/news/jamey-eisenberg-wide-receiver-rankings-2026-wr-tiers/,2026-09-05
Jamey Eisenberg,Rashee Rice,WR,KC,,12,3,https://www.cbssports.com/fantasy/football/news/jamey-eisenberg-wide-receiver-rankings-2026-wr-tiers/,2026-09-05
Jamey Eisenberg,Malik Nabers,WR,NYG,,13,4,https://www.cbssports.com/fantasy/football/news/jamey-eisenberg-wide-receiver-rankings-2026-wr-tiers/,2026-09-05
Jamey Eisenberg,DeVonta Smith,WR,PHI,,14,4,https://www.cbssports.com/fantasy/football/news/jamey-eisenberg-wide-receiver-rankings-2026-wr-tiers/,2026-09-05
Jamey Eisenberg,Tee Higgins,WR,CIN,,15,4,https://www.cbssports.com/fantasy/football/news/jamey-eisenberg-wide-receiver-rankings-2026-wr-tiers/,2026-09-05
Jamey Eisenberg,Ladd McConkey,WR,LAC,,16,4,https://www.cbssports.com/fantasy/football/news/jamey-eisenberg-wide-receiver-rankings-2026-wr-tiers/,2026-09-05
Jamey Eisenberg,Zay Flowers,WR,BAL,,17,4,https://www.cbssports.com/fantasy/football/news/jamey-eisenberg-wide-receiver-rankings-2026-wr-tiers/,2026-09-05
Jamey Eisenberg,Garrett Wilson,WR,NYJ,,18,5,https://www.cbssports.com/fantasy/football/news/jamey-eisenberg-wide-receiver-rankings-2026-wr-tiers/,2026-09-05
Jamey Eisenberg,D.J. Moore,WR,BUF,,19,5,https://www.cbssports.com/fantasy/football/news/jamey-eisenberg-wide-receiver-rankings-2026-wr-tiers/,2026-09-05
Jamey Eisenberg,Jaylen Waddle,WR,DEN,,20,5,https://www.cbssports.com/fantasy/football/news/jamey-eisenberg-wide-receiver-rankings-2026-wr-tiers/,2026-09-05
Jamey Eisenberg,Tetairoa McMillan,WR,ARI,,21,5,https://www.cbssports.com/fantasy/football/news/jamey-eisenberg-wide-receiver-rankings-2026-wr-tiers/,2026-09-05
Jamey Eisenberg,Luther Burden III,WR,CHI,,22,5,https://www.cbssports.com/fantasy/football/news/jamey-eisenberg-wide-receiver-rankings-2026-wr-tiers/,2026-09-05
Jamey Eisenberg,Emeka Egbuka,WR,TB,,23,5,https://www.cbssports.com/fantasy/football/news/jamey-eisenberg-wide-receiver-rankings-2026-wr-tiers/,2026-09-05
Jamey Eisenberg,Davante Adams,WR,LV,,24,5,https://www.cbssports.com/fantasy/football/news/jamey-eisenberg-wide-receiver-rankings-2026-wr-tiers/,2026-09-05
Jamey Eisenberg,Terry McLaurin,WR,WAS,,25,6,https://www.cbssports.com/fantasy/football/news/jamey-eisenberg-wide-receiver-rankings-2026-wr-tiers/,2026-09-05
Jamey Eisenberg,Christian Watson,WR,GB,,26,6,https://www.cbssports.com/fantasy/football/news/jamey-eisenberg-wide-receiver-rankings-2026-wr-tiers/,2026-09-05
Jamey Eisenberg,Jameson Williams,WR,DET,,27,6,https://www.cbssports.com/fantasy/football/news/jamey-eisenberg-wide-receiver-rankings-2026-wr-tiers/,2026-09-05
Jamey Eisenberg,Parker Washington,WR,JAC,,28,6,https://www.cbssports.com/fantasy/football/news/jamey-eisenberg-wide-receiver-rankings-2026-wr-tiers/,2026-09-05
Jamey Eisenberg,Chris Godwin,WR,TB,,29,6,https://www.cbssports.com/fantasy/football/news/jamey-eisenberg-wide-receiver-rankings-2026-wr-tiers/,2026-09-05
Jamey Eisenberg,Rome Odunze,WR,CHI,,30,6,https://www.cbssports.com/fantasy/football/news/jamey-eisenberg-wide-receiver-rankings-2026-wr-tiers/,2026-09-05
Jamey Eisenberg,Mike Evans,WR,SF,,31,6,https://www.cbssports.com/fantasy/football/news/jamey-eisenberg-wide-receiver-rankings-2026-wr-tiers/,2026-09-05
Jamey Eisenberg,Marvin Harrison Jr.,WR,ARI,,32,6,https://www.cbssports.com/fantasy/football/news/jamey-eisenberg-wide-receiver-rankings-2026-wr-tiers/,2026-09-05
Jamey Eisenberg,Brian Thomas Jr.,WR,JAC,,33,6,https://www.cbssports.com/fantasy/football/news/jamey-eisenberg-wide-receiver-rankings-2026-wr-tiers/,2026-09-05
Jamey Eisenberg,Jahmyr Gibbs,RB,DET,,1,1,https://www.cbssports.com/fantasy/football/news/jamey-eisenberg-fantasy-football-running-back-rankings-tiers-2026/,2026-09-05
Jamey Eisenberg,Bijan Robinson,RB,MIA,,2,1,https://www.cbssports.com/fantasy/football/news/jamey-eisenberg-fantasy-football-running-back-rankings-tiers-2026/,2026-09-05
Jamey Eisenberg,Jonathan Taylor,RB,IND,,3,2,https://www.cbssports.com/fantasy/football/news/jamey-eisenberg-fantasy-football-running-back-rankings-tiers-2026/,2026-09-05
Jamey Eisenberg,James Cook,RB,BUF,,4,2,https://www.cbssports.com/fantasy/football/news/jamey-eisenberg-fantasy-football-running-back-rankings-tiers-2026/,2026-09-05
Jamey Eisenberg,Chase Brown,RB,CIN,,5,2,https://www.cbssports.com/fantasy/football/news/jamey-eisenberg-fantasy-football-running-back-rankings-tiers-2026/,2026-09-05
Jamey Eisenberg,Christian McCaffrey,RB,SF,,6,2,https://www.cbssports.com/fantasy/football/news/jamey-eisenberg-fantasy-football-running-back-rankings-tiers-2026/,2026-09-05
Jamey Eisenberg,Kenneth Walker III,RB,KC,,7,3,https://www.cbssports.com/fantasy/football/news/jamey-eisenberg-fantasy-football-running-back-rankings-tiers-2026/,2026-09-05
Jamey Eisenberg,Omarion Hampton,RB,LAC,,8,3,https://www.cbssports.com/fantasy/football/news/jamey-eisenberg-fantasy-football-running-back-rankings-tiers-2026/,2026-09-05
Jamey Eisenberg,De'Von Achane,RB,MIA,,9,3,https://www.cbssports.com/fantasy/football/news/jamey-eisenberg-fantasy-football-running-back-rankings-tiers-2026/,2026-09-05
Jamey Eisenberg,Derrick Henry,RB,BAL,,10,3,https://www.cbssports.com/fantasy/football/news/jamey-eisenberg-fantasy-football-running-back-rankings-tiers-2026/,2026-09-05
Jamey Eisenberg,Saquon Barkley,RB,PHI,,11,3,https://www.cbssports.com/fantasy/football/news/jamey-eisenberg-fantasy-football-running-back-rankings-tiers-2026/,2026-09-05
Jamey Eisenberg,Ashton Jeanty,RB,LV,,12,3,https://www.cbssports.com/fantasy/football/news/jamey-eisenberg-fantasy-football-running-back-rankings-tiers-2026/,2026-09-05
Jamey Eisenberg,Javonte Williams,RB,DAL,,13,4,https://www.cbssports.com/fantasy/football/news/jamey-eisenberg-fantasy-football-running-back-rankings-tiers-2026/,2026-09-05
Jamey Eisenberg,Travis Etienne,RB,NO,,14,4,https://www.cbssports.com/fantasy/football/news/jamey-eisenberg-fantasy-football-running-back-rankings-tiers-2026/,2026-09-05
Jamey Eisenberg,D'Andre Swift,RB,PHI,,15,4,https://www.cbssports.com/fantasy/football/news/jamey-eisenberg-fantasy-football-running-back-rankings-tiers-2026/,2026-09-05
Jamey Eisenberg,Kyren Williams,RB,LAR,,16,4,https://www.cbssports.com/fantasy/football/news/jamey-eisenberg-fantasy-football-running-back-rankings-tiers-2026/,2026-09-05
Jamey Eisenberg,Jeremiyah Love,RB,ARI,,17,4,https://www.cbssports.com/fantasy/football/news/jamey-eisenberg-fantasy-football-running-back-rankings-tiers-2026/,2026-09-05
Jamey Eisenberg,Breece Hall,RB,NYJ,,18,4,https://www.cbssports.com/fantasy/football/news/jamey-eisenberg-fantasy-football-running-back-rankings-tiers-2026/,2026-09-05
Jamey Eisenberg,Bucky Irving,RB,TB,,19,5,https://www.cbssports.com/fantasy/football/news/jamey-eisenberg-fantasy-football-running-back-rankings-tiers-2026/,2026-09-05
Jamey Eisenberg,Quinshon Judkins,RB,CLE,,20,5,https://www.cbssports.com/fantasy/football/news/jamey-eisenberg-fantasy-football-running-back-rankings-tiers-2026/,2026-09-05
Jamey Eisenberg,Jadarian Price,RB,SEA,,21,5,https://www.cbssports.com/fantasy/football/news/jamey-eisenberg-fantasy-football-running-back-rankings-tiers-2026/,2026-09-05
Jamey Eisenberg,David Montgomery,RB,HOU,,22,5,https://www.cbssports.com/fantasy/football/news/jamey-eisenberg-fantasy-football-running-back-rankings-tiers-2026/,2026-09-05
Jamey Eisenberg,Bhayshul Tuten,RB,JAC,,23,5,https://www.cbssports.com/fantasy/football/news/jamey-eisenberg-fantasy-football-running-back-rankings-tiers-2026/,2026-09-05
Jamey Eisenberg,Cam Skattebo,RB,NYG,,24,5,https://www.cbssports.com/fantasy/football/news/jamey-eisenberg-fantasy-football-running-back-rankings-tiers-2026/,2026-09-05
Jamey Eisenberg,Josh Allen,QB,BUF,,1,1,https://www.cbssports.com/fantasy/football/news/jamey-eisenbergs-fantasy-football-quarterback-tiers-3-0-the-definitive-plan-on-how-to-draft-qbs-in-2026/,2026-09-05
Jamey Eisenberg,Lamar Jackson,QB,BAL,,2,2,https://www.cbssports.com/fantasy/football/news/jamey-eisenbergs-fantasy-football-quarterback-tiers-3-0-the-definitive-plan-on-how-to-draft-qbs-in-2026/,2026-09-05
Jamey Eisenberg,Drake Maye,QB,NE,,3,2,https://www.cbssports.com/fantasy/football/news/jamey-eisenbergs-fantasy-football-quarterback-tiers-3-0-the-definitive-plan-on-how-to-draft-qbs-in-2026/,2026-09-05
Jamey Eisenberg,Joe Burrow,QB,CIN,,4,2,https://www.cbssports.com/fantasy/football/news/jamey-eisenbergs-fantasy-football-quarterback-tiers-3-0-the-definitive-plan-on-how-to-draft-qbs-in-2026/,2026-09-05
Jamey Eisenberg,Jayden Daniels,QB,WAS,,5,2,https://www.cbssports.com/fantasy/football/news/jamey-eisenbergs-fantasy-football-quarterback-tiers-3-0-the-definitive-plan-on-how-to-draft-qbs-in-2026/,2026-09-05
Jamey Eisenberg,Jalen Hurts,QB,PHI,,6,2,https://www.cbssports.com/fantasy/football/news/jamey-eisenbergs-fantasy-football-quarterback-tiers-3-0-the-definitive-plan-on-how-to-draft-qbs-in-2026/,2026-09-05
Jamey Eisenberg,Dak Prescott,QB,DAL,,7,3,https://www.cbssports.com/fantasy/football/news/jamey-eisenbergs-fantasy-football-quarterback-tiers-3-0-the-definitive-plan-on-how-to-draft-qbs-in-2026/,2026-09-05
Jamey Eisenberg,Justin Herbert,QB,LAC,,8,3,https://www.cbssports.com/fantasy/football/news/jamey-eisenbergs-fantasy-football-quarterback-tiers-3-0-the-definitive-plan-on-how-to-draft-qbs-in-2026/,2026-09-05
Jamey Eisenberg,Trevor Lawrence,QB,JAC,,9,3,https://www.cbssports.com/fantasy/football/news/jamey-eisenbergs-fantasy-football-quarterback-tiers-3-0-the-definitive-plan-on-how-to-draft-qbs-in-2026/,2026-09-05
Jamey Eisenberg,Caleb Williams,QB,CHI,,10,3,https://www.cbssports.com/fantasy/football/news/jamey-eisenbergs-fantasy-football-quarterback-tiers-3-0-the-definitive-plan-on-how-to-draft-qbs-in-2026/,2026-09-05
Jamey Eisenberg,Brock Purdy,QB,SF,,11,3,https://www.cbssports.com/fantasy/football/news/jamey-eisenbergs-fantasy-football-quarterback-tiers-3-0-the-definitive-plan-on-how-to-draft-qbs-in-2026/,2026-09-05
Jamey Eisenberg,Jared Goff,QB,DET,,12,4,https://www.cbssports.com/fantasy/football/news/jamey-eisenbergs-fantasy-football-quarterback-tiers-3-0-the-definitive-plan-on-how-to-draft-qbs-in-2026/,2026-09-05
Jamey Eisenberg,Matthew Stafford,QB,LAR,,13,4,https://www.cbssports.com/fantasy/football/news/jamey-eisenbergs-fantasy-football-quarterback-tiers-3-0-the-definitive-plan-on-how-to-draft-qbs-in-2026/,2026-09-05
Jamey Eisenberg,Jaxson Dart,QB,NYG,,14,4,https://www.cbssports.com/fantasy/football/news/jamey-eisenbergs-fantasy-football-quarterback-tiers-3-0-the-definitive-plan-on-how-to-draft-qbs-in-2026/,2026-09-05
Jamey Eisenberg,Kyler Murray,QB,MIN,,15,4,https://www.cbssports.com/fantasy/football/news/jamey-eisenbergs-fantasy-football-quarterback-tiers-3-0-the-definitive-plan-on-how-to-draft-qbs-in-2026/,2026-09-05
Jamey Eisenberg,Jordan Love,QB,GB,,16,4,https://www.cbssports.com/fantasy/football/news/jamey-eisenbergs-fantasy-football-quarterback-tiers-3-0-the-definitive-plan-on-how-to-draft-qbs-in-2026/,2026-09-05
Jamey Eisenberg,Bo Nix,QB,DEN,,17,4,https://www.cbssports.com/fantasy/football/news/jamey-eisenbergs-fantasy-football-quarterback-tiers-3-0-the-definitive-plan-on-how-to-draft-qbs-in-2026/,2026-09-05
Jamey Eisenberg,Patrick Mahomes,QB,KC,,18,4,https://www.cbssports.com/fantasy/football/news/jamey-eisenbergs-fantasy-football-quarterback-tiers-3-0-the-definitive-plan-on-how-to-draft-qbs-in-2026/,2026-09-05
Jamey Eisenberg,Malik Willis,QB,MIA,,19,5,https://www.cbssports.com/fantasy/football/news/jamey-eisenbergs-fantasy-football-quarterback-tiers-3-0-the-definitive-plan-on-how-to-draft-qbs-in-2026/,2026-09-05
Jamey Eisenberg,Tyler Shough,QB,NO,,20,5,https://www.cbssports.com/fantasy/football/news/jamey-eisenbergs-fantasy-football-quarterback-tiers-3-0-the-definitive-plan-on-how-to-draft-qbs-in-2026/,2026-09-05
Jamey Eisenberg,Baker Mayfield,QB,TB,,21,5,https://www.cbssports.com/fantasy/football/news/jamey-eisenbergs-fantasy-football-quarterback-tiers-3-0-the-definitive-plan-on-how-to-draft-qbs-in-2026/,2026-09-05
Jamey Eisenberg,Daniel Jones,QB,NYG,,22,6,https://www.cbssports.com/fantasy/football/news/jamey-eisenbergs-fantasy-football-quarterback-tiers-3-0-the-definitive-plan-on-how-to-draft-qbs-in-2026/,2026-09-05
Jamey Eisenberg,C.J. Stroud,QB,HOU,,23,6,https://www.cbssports.com/fantasy/football/news/jamey-eisenbergs-fantasy-football-quarterback-tiers-3-0-the-definitive-plan-on-how-to-draft-qbs-in-2026/,2026-09-05
Jamey Eisenberg,Jacoby Brissett,QB,NE,,24,6,https://www.cbssports.com/fantasy/football/news/jamey-eisenbergs-fantasy-football-quarterback-tiers-3-0-the-definitive-plan-on-how-to-draft-qbs-in-2026/,2026-09-05
Jamey Eisenberg,Cam Ward,QB,CAR,,25,6,https://www.cbssports.com/fantasy/football/news/jamey-eisenbergs-fantasy-football-quarterback-tiers-3-0-the-definitive-plan-on-how-to-draft-qbs-in-2026/,2026-09-05
Jamey Eisenberg,Sam Darnold,QB,MIN,,26,6,https://www.cbssports.com/fantasy/football/news/jamey-eisenbergs-fantasy-football-quarterback-tiers-3-0-the-definitive-plan-on-how-to-draft-qbs-in-2026/,2026-09-05
Jamey Eisenberg,Aaron Rodgers,QB,NYJ,,27,6,https://www.cbssports.com/fantasy/football/news/jamey-eisenbergs-fantasy-football-quarterback-tiers-3-0-the-definitive-plan-on-how-to-draft-qbs-in-2026/,2026-09-05
Jamey Eisenberg,Geno Smith,QB,SEA,,28,6,https://www.cbssports.com/fantasy/football/news/jamey-eisenbergs-fantasy-football-quarterback-tiers-3-0-the-definitive-plan-on-how-to-draft-qbs-in-2026/,2026-09-05
Jamey Eisenberg,Bryce Young,QB,NO,,29,6,https://www.cbssports.com/fantasy/football/news/jamey-eisenbergs-fantasy-football-quarterback-tiers-3-0-the-definitive-plan-on-how-to-draft-qbs-in-2026/,2026-09-05
Jamey Eisenberg,Tua Tagovailoa,QB,MIA,,30,6,https://www.cbssports.com/fantasy/football/news/jamey-eisenbergs-fantasy-football-quarterback-tiers-3-0-the-definitive-plan-on-how-to-draft-qbs-in-2026/,2026-09-05
Jamey Eisenberg,Michael Penix Jr.,QB,ATL,,31,6,https://www.cbssports.com/fantasy/football/news/jamey-eisenbergs-fantasy-football-quarterback-tiers-3-0-the-definitive-plan-on-how-to-draft-qbs-in-2026/,2026-09-05
Jamey Eisenberg,Fernando Mendoza,QB,SF,,32,6,https://www.cbssports.com/fantasy/football/news/jamey-eisenbergs-fantasy-football-quarterback-tiers-3-0-the-definitive-plan-on-how-to-draft-qbs-in-2026/,2026-09-05
Jamey Eisenberg,Kirk Cousins,QB,ATL,,33,6,https://www.cbssports.com/fantasy/football/news/jamey-eisenbergs-fantasy-football-quarterback-tiers-3-0-the-definitive-plan-on-how-to-draft-qbs-in-2026/,2026-09-05
Jamey Eisenberg,Deshaun Watson,QB,CLE,,34,6,https://www.cbssports.com/fantasy/football/news/jamey-eisenbergs-fantasy-football-quarterback-tiers-3-0-the-definitive-plan-on-how-to-draft-qbs-in-2026/,2026-09-05
Jamey Eisenberg,Shedeur Sanders,QB,DEN,,35,6,https://www.cbssports.com/fantasy/football/news/jamey-eisenbergs-fantasy-football-quarterback-tiers-3-0-the-definitive-plan-on-how-to-draft-qbs-in-2026/,2026-09-05
Jamey Eisenberg,Brock Bowers,TE,LV,,1,1,https://www.cbssports.com/fantasy/football/news/jamey-eisenberg-tight-end-rankings-te-tiers-2026/,2026-09-05
Jamey Eisenberg,Trey McBride,TE,ARI,,2,1,https://www.cbssports.com/fantasy/football/news/jamey-eisenberg-tight-end-rankings-te-tiers-2026/,2026-09-05
Jamey Eisenberg,Colston Loveland,TE,DET,,3,2,https://www.cbssports.com/fantasy/football/news/jamey-eisenberg-tight-end-rankings-te-tiers-2026/,2026-09-05
Jamey Eisenberg,Tyler Warren,TE,NYG,,4,2,https://www.cbssports.com/fantasy/football/news/jamey-eisenberg-tight-end-rankings-te-tiers-2026/,2026-09-05
Jamey Eisenberg,Sam LaPorta,TE,DET,,5,3,https://www.cbssports.com/fantasy/football/news/jamey-eisenberg-tight-end-rankings-te-tiers-2026/,2026-09-05
Jamey Eisenberg,Tucker Kraft,TE,GB,,6,3,https://www.cbssports.com/fantasy/football/news/jamey-eisenberg-tight-end-rankings-te-tiers-2026/,2026-09-05
Jamey Eisenberg,Kyle Pitts,TE,ATL,,7,3,https://www.cbssports.com/fantasy/football/news/jamey-eisenberg-tight-end-rankings-te-tiers-2026/,2026-09-05
Jamey Eisenberg,Isaiah Likely,TE,NYG,,8,3,https://www.cbssports.com/fantasy/football/news/jamey-eisenberg-tight-end-rankings-te-tiers-2026/,2026-09-05
Jamey Eisenberg,George Kittle,TE,SF,,9,3,https://www.cbssports.com/fantasy/football/news/jamey-eisenberg-tight-end-rankings-te-tiers-2026/,2026-09-05
Jamey Eisenberg,Harold Fannin Jr.,TE,CLE,,10,3,https://www.cbssports.com/fantasy/football/news/jamey-eisenberg-tight-end-rankings-te-tiers-2026/,2026-09-05
Jamey Eisenberg,Travis Kelce,TE,KC,,11,4,https://www.cbssports.com/fantasy/football/news/jamey-eisenberg-tight-end-rankings-te-tiers-2026/,2026-09-05
Jamey Eisenberg,Dallas Goedert,TE,PHI,,12,4,https://www.cbssports.com/fantasy/football/news/jamey-eisenberg-tight-end-rankings-te-tiers-2026/,2026-09-05
Jamey Eisenberg,Mark Andrews,TE,BAL,,13,5,https://www.cbssports.com/fantasy/football/news/jamey-eisenberg-tight-end-rankings-te-tiers-2026/,2026-09-05
Jamey Eisenberg,Dalton Kincaid,TE,BUF,,14,5,https://www.cbssports.com/fantasy/football/news/jamey-eisenberg-tight-end-rankings-te-tiers-2026/,2026-09-05
Jamey Eisenberg,Dalton Schultz,TE,HOU,,15,5,https://www.cbssports.com/fantasy/football/news/jamey-eisenberg-tight-end-rankings-te-tiers-2026/,2026-09-05
Jamey Eisenberg,Juwan Johnson,TE,NO,,16,5,https://www.cbssports.com/fantasy/football/news/jamey-eisenberg-tight-end-rankings-te-tiers-2026/,2026-09-05
Jamey Eisenberg,Terrance Ferguson,TE,LAR,,17,6,https://www.cbssports.com/fantasy/football/news/jamey-eisenberg-tight-end-rankings-te-tiers-2026/,2026-09-05
Jamey Eisenberg,Jake Ferguson,TE,DAL,,18,6,https://www.cbssports.com/fantasy/football/news/jamey-eisenberg-tight-end-rankings-te-tiers-2026/,2026-09-05
Jamey Eisenberg,Brenton Strange,TE,JAC,,19,6,https://www.cbssports.com/fantasy/football/news/jamey-eisenberg-tight-end-rankings-te-tiers-2026/,2026-09-05
Jamey Eisenberg,Greg Dulcich,TE,MIA,,20,6,https://www.cbssports.com/fantasy/football/news/jamey-eisenberg-tight-end-rankings-te-tiers-2026/,2026-09-05
Jamey Eisenberg,Darren Waller,TE,CAR,,21,6,https://www.cbssports.com/fantasy/football/news/jamey-eisenberg-tight-end-rankings-te-tiers-2026/,2026-09-05
Jamey Eisenberg,Chigoziem Okonkwo,TE,WAS,,22,6,https://www.cbssports.com/fantasy/football/news/jamey-eisenberg-tight-end-rankings-te-tiers-2026/,2026-09-05
Jamey Eisenberg,Gunnar Helm,TE,TEN,,23,6,https://www.cbssports.com/fantasy/football/news/jamey-eisenberg-tight-end-rankings-te-tiers-2026/,2026-09-05
Jamey Eisenberg,Kenyon Sadiq,TE,NYJ,,24,6,https://www.cbssports.com/fantasy/football/news/jamey-eisenberg-tight-end-rankings-te-tiers-2026/,2026-09-05
Jamey Eisenberg,Hunter Henry,TE,NE,,25,6,https://www.cbssports.com/fantasy/football/news/jamey-eisenberg-tight-end-rankings-te-tiers-2026/,2026-09-05
Jamey Eisenberg,A.J. Barner,TE,,,26,7,https://www.cbssports.com/fantasy/football/news/jamey-eisenberg-tight-end-rankings-te-tiers-2026/,2026-09-05
Jamey Eisenberg,T.J. Hockenson,TE,MIN,,27,7,https://www.cbssports.com/fantasy/football/news/jamey-eisenberg-tight-end-rankings-te-tiers-2026/,2026-09-05
Jamey Eisenberg,Evan Engram,TE,DEN,,28,7,https://www.cbssports.com/fantasy/football/news/jamey-eisenberg-tight-end-rankings-te-tiers-2026/,2026-09-05
Jamey Eisenberg,Oronde Gadsden II,TE,LAC,,29,7,https://www.cbssports.com/fantasy/football/news/jamey-eisenberg-tight-end-rankings-te-tiers-2026/,2026-09-05
Jamey Eisenberg,Michael Mayer,TE,LV,,30,7,https://www.cbssports.com/fantasy/football/news/jamey-eisenberg-tight-end-rankings-te-tiers-2026/,2026-09-05
Jamey Eisenberg,Pat Freiermuth,TE,PIT,,31,7,https://www.cbssports.com/fantasy/football/news/jamey-eisenberg-tight-end-rankings-te-tiers-2026/,2026-09-05
Jamey Eisenberg,Cade Otton,TE,TB,,32,7,https://www.cbssports.com/fantasy/football/news/jamey-eisenberg-tight-end-rankings-te-tiers-2026/,2026-09-05
Jacob Gibbs,Jahmyr Gibbs,RB,DET,1,,1,https://www.cbssports.com/fantasy/football/news/jacob-gibbs-rankings-fantasy-football-2026-half-ppr/,2026-09-05
Jacob Gibbs,Ja'Marr Chase,WR,CIN,2,,1,https://www.cbssports.com/fantasy/football/news/jacob-gibbs-rankings-fantasy-football-2026-half-ppr/,2026-09-05
Jacob Gibbs,Puka Nacua,WR,LAR,3,,1,https://www.cbssports.com/fantasy/football/news/jacob-gibbs-rankings-fantasy-football-2026-half-ppr/,2026-09-05
Jacob Gibbs,Bijan Robinson,RB,ATL,4,,1,https://www.cbssports.com/fantasy/football/news/jacob-gibbs-rankings-fantasy-football-2026-half-ppr/,2026-09-05
Jacob Gibbs,Christian McCaffrey,RB,SF,5,,1,https://www.cbssports.com/fantasy/football/news/jacob-gibbs-rankings-fantasy-football-2026-half-ppr/,2026-09-05
Jacob Gibbs,Amon-Ra St. Brown,WR,DET,6,,2,https://www.cbssports.com/fantasy/football/news/jacob-gibbs-rankings-fantasy-football-2026-half-ppr/,2026-09-05
Jacob Gibbs,Jaxon Smith-Njigba,WR,SEA,7,,2,https://www.cbssports.com/fantasy/football/news/jacob-gibbs-rankings-fantasy-football-2026-half-ppr/,2026-09-05
Jacob Gibbs,CeeDee Lamb,WR,DAL,8,,2,https://www.cbssports.com/fantasy/football/news/jacob-gibbs-rankings-fantasy-football-2026-half-ppr/,2026-09-05
Jacob Gibbs,James Cook III,RB,BUF,9,,3,https://www.cbssports.com/fantasy/football/news/jacob-gibbs-rankings-fantasy-football-2026-half-ppr/,2026-09-05
Jacob Gibbs,Ashton Jeanty,RB,LV,10,,3,https://www.cbssports.com/fantasy/football/news/jacob-gibbs-rankings-fantasy-football-2026-half-ppr/,2026-09-05
Jacob Gibbs,Jonathan Taylor,RB,IND,11,,3,https://www.cbssports.com/fantasy/football/news/jacob-gibbs-rankings-fantasy-football-2026-half-ppr/,2026-09-05
Jacob Gibbs,Omarion Hampton,RB,LAC,12,,3,https://www.cbssports.com/fantasy/football/news/jacob-gibbs-rankings-fantasy-football-2026-half-ppr/,2026-09-05
Jacob Gibbs,Chase Brown,RB,CIN,13,,3,https://www.cbssports.com/fantasy/football/news/jacob-gibbs-rankings-fantasy-football-2026-half-ppr/,2026-09-05
Jacob Gibbs,A.J. Brown,WR,NE,14,,4,https://www.cbssports.com/fantasy/football/news/jacob-gibbs-rankings-fantasy-football-2026-half-ppr/,2026-09-05
Jacob Gibbs,Kenneth Walker III,RB,KC,15,,4,https://www.cbssports.com/fantasy/football/news/jacob-gibbs-rankings-fantasy-football-2026-half-ppr/,2026-09-05
Jacob Gibbs,Derrick Henry,RB,BAL,16,,4,https://www.cbssports.com/fantasy/football/news/jacob-gibbs-rankings-fantasy-football-2026-half-ppr/,2026-09-05
Jacob Gibbs,Saquon Barkley,RB,PHI,17,,4,https://www.cbssports.com/fantasy/football/news/jacob-gibbs-rankings-fantasy-football-2026-half-ppr/,2026-09-05
Jacob Gibbs,Justin Jefferson,WR,MIN,18,,4,https://www.cbssports.com/fantasy/football/news/jacob-gibbs-rankings-fantasy-football-2026-half-ppr/,2026-09-05
Jacob Gibbs,George Pickens,WR,DAL,19,,4,https://www.cbssports.com/fantasy/football/news/jacob-gibbs-rankings-fantasy-football-2026-half-ppr/,2026-09-05
Jacob Gibbs,Malik Nabers,WR,NYG,20,,4,https://www.cbssports.com/fantasy/football/news/jacob-gibbs-rankings-fantasy-football-2026-half-ppr/,2026-09-05
Jacob Gibbs,Drake London,WR,ATL,21,,4,https://www.cbssports.com/fantasy/football/news/jacob-gibbs-rankings-fantasy-football-2026-half-ppr/,2026-09-05
Jacob Gibbs,De'Von Achane,RB,MIA,22,,4,https://www.cbssports.com/fantasy/football/news/jacob-gibbs-rankings-fantasy-football-2026-half-ppr/,2026-09-05
Jacob Gibbs,Brock Bowers,TE,LV,23,,5,https://www.cbssports.com/fantasy/football/news/jacob-gibbs-rankings-fantasy-football-2026-half-ppr/,2026-09-05
Jacob Gibbs,Nico Collins,WR,HOU,24,,5,https://www.cbssports.com/fantasy/football/news/jacob-gibbs-rankings-fantasy-football-2026-half-ppr/,2026-09-05
Jacob Gibbs,Emeka Egbuka,WR,TB,25,,5,https://www.cbssports.com/fantasy/football/news/jacob-gibbs-rankings-fantasy-football-2026-half-ppr/,2026-09-05
Jacob Gibbs,Jeremiyah Love,RB,ARI,26,,5,https://www.cbssports.com/fantasy/football/news/jacob-gibbs-rankings-fantasy-football-2026-half-ppr/,2026-09-05
Jacob Gibbs,Zay Flowers,WR,BAL,27,,5,https://www.cbssports.com/fantasy/football/news/jacob-gibbs-rankings-fantasy-football-2026-half-ppr/,2026-09-05
Jacob Gibbs,DeVonta Smith,WR,PHI,28,,5,https://www.cbssports.com/fantasy/football/news/jacob-gibbs-rankings-fantasy-football-2026-half-ppr/,2026-09-05
Jacob Gibbs,Chris Olave,WR,NO,29,,6,https://www.cbssports.com/fantasy/football/news/jacob-gibbs-rankings-fantasy-football-2026-half-ppr/,2026-09-05
Jacob Gibbs,Ladd McConkey,WR,LAC,30,,6,https://www.cbssports.com/fantasy/football/news/jacob-gibbs-rankings-fantasy-football-2026-half-ppr/,2026-09-05
Jacob Gibbs,Tee Higgins,WR,CIN,31,,6,https://www.cbssports.com/fantasy/football/news/jacob-gibbs-rankings-fantasy-football-2026-half-ppr/,2026-09-05
Jacob Gibbs,Jaylen Waddle,WR,DEN,32,,6,https://www.cbssports.com/fantasy/football/news/jacob-gibbs-rankings-fantasy-football-2026-half-ppr/,2026-09-05
Jacob Gibbs,Trey McBride,TE,ARI,33,,6,https://www.cbssports.com/fantasy/football/news/jacob-gibbs-rankings-fantasy-football-2026-half-ppr/,2026-09-05
Jacob Gibbs,Colston Loveland,TE,CHI,34,,6,https://www.cbssports.com/fantasy/football/news/jacob-gibbs-rankings-fantasy-football-2026-half-ppr/,2026-09-05
Jacob Gibbs,Javonte Williams,RB,DAL,35,,6,https://www.cbssports.com/fantasy/football/news/jacob-gibbs-rankings-fantasy-football-2026-half-ppr/,2026-09-05
Jacob Gibbs,Cam Skattebo,RB,NYG,36,,6,https://www.cbssports.com/fantasy/football/news/jacob-gibbs-rankings-fantasy-football-2026-half-ppr/,2026-09-05
Jacob Gibbs,Luther Burden III,WR,CHI,37,,6,https://www.cbssports.com/fantasy/football/news/jacob-gibbs-rankings-fantasy-football-2026-half-ppr/,2026-09-05
Jacob Gibbs,Rashee Rice,WR,KC,38,,7,https://www.cbssports.com/fantasy/football/news/jacob-gibbs-rankings-fantasy-football-2026-half-ppr/,2026-09-05
Jacob Gibbs,Mike Evans,WR,SF,39,,7,https://www.cbssports.com/fantasy/football/news/jacob-gibbs-rankings-fantasy-football-2026-half-ppr/,2026-09-05
Jacob Gibbs,Tetairoa McMillan,WR,CAR,40,,7,https://www.cbssports.com/fantasy/football/news/jacob-gibbs-rankings-fantasy-football-2026-half-ppr/,2026-09-05
Jacob Gibbs,Christian Watson,WR,GB,41,,7,https://www.cbssports.com/fantasy/football/news/jacob-gibbs-rankings-fantasy-football-2026-half-ppr/,2026-09-05
Jacob Gibbs,Davante Adams,WR,LAR,42,,7,https://www.cbssports.com/fantasy/football/news/jacob-gibbs-rankings-fantasy-football-2026-half-ppr/,2026-09-05
Jacob Gibbs,Josh Jacobs,RB,GB,43,,8,https://www.cbssports.com/fantasy/football/news/jacob-gibbs-rankings-fantasy-football-2026-half-ppr/,2026-09-05
Jacob Gibbs,Kyren Williams,RB,LAR,44,,8,https://www.cbssports.com/fantasy/football/news/jacob-gibbs-rankings-fantasy-football-2026-half-ppr/,2026-09-05
Jacob Gibbs,D'Andre Swift,RB,CHI,45,,8,https://www.cbssports.com/fantasy/football/news/jacob-gibbs-rankings-fantasy-football-2026-half-ppr/,2026-09-05
Jacob Gibbs,Josh Allen,QB,BUF,46,,8,https://www.cbssports.com/fantasy/football/news/jacob-gibbs-rankings-fantasy-football-2026-half-ppr/,2026-09-05
Jacob Gibbs,Bucky Irving,RB,TB,47,,8,https://www.cbssports.com/fantasy/football/news/jacob-gibbs-rankings-fantasy-football-2026-half-ppr/,2026-09-05
Jacob Gibbs,Breece Hall,RB,NYJ,48,,8,https://www.cbssports.com/fantasy/football/news/jacob-gibbs-rankings-fantasy-football-2026-half-ppr/,2026-09-05
Jacob Gibbs,Bhayshul Tuten,RB,JAC,49,,8,https://www.cbssports.com/fantasy/football/news/jacob-gibbs-rankings-fantasy-football-2026-half-ppr/,2026-09-05
Jacob Gibbs,Garrett Wilson,WR,NYJ,50,,8,https://www.cbssports.com/fantasy/football/news/jacob-gibbs-rankings-fantasy-football-2026-half-ppr/,2026-09-05
Jacob Gibbs,Rome Odunze,WR,CHI,51,,8,https://www.cbssports.com/fantasy/football/news/jacob-gibbs-rankings-fantasy-football-2026-half-ppr/,2026-09-05
Jacob Gibbs,Jameson Williams,WR,DET,52,,8,https://www.cbssports.com/fantasy/football/news/jacob-gibbs-rankings-fantasy-football-2026-half-ppr/,2026-09-05
Jacob Gibbs,Sam LaPorta,TE,DET,53,,9,https://www.cbssports.com/fantasy/football/news/jacob-gibbs-rankings-fantasy-football-2026-half-ppr/,2026-09-05
Jacob Gibbs,TreVeyon Henderson,RB,NE,54,,9,https://www.cbssports.com/fantasy/football/news/jacob-gibbs-rankings-fantasy-football-2026-half-ppr/,2026-09-05
Jacob Gibbs,Quinshon Judkins,RB,CLE,55,,9,https://www.cbssports.com/fantasy/football/news/jacob-gibbs-rankings-fantasy-football-2026-half-ppr/,2026-09-05
Jacob Gibbs,David Montgomery,RB,HOU,56,,9,https://www.cbssports.com/fantasy/football/news/jacob-gibbs-rankings-fantasy-football-2026-half-ppr/,2026-09-05
Jacob Gibbs,Tyler Warren,TE,IND,57,,9,https://www.cbssports.com/fantasy/football/news/jacob-gibbs-rankings-fantasy-football-2026-half-ppr/,2026-09-05
Jacob Gibbs,Terry McLaurin,WR,WAS,58,,9,https://www.cbssports.com/fantasy/football/news/jacob-gibbs-rankings-fantasy-football-2026-half-ppr/,2026-09-05
Jacob Gibbs,Parker Washington,WR,JAC,59,,9,https://www.cbssports.com/fantasy/football/news/jacob-gibbs-rankings-fantasy-football-2026-half-ppr/,2026-09-05
Jacob Gibbs,DJ Moore,WR,BUF,60,,9,https://www.cbssports.com/fantasy/football/news/jacob-gibbs-rankings-fantasy-football-2026-half-ppr/,2026-09-05
Jacob Gibbs,Tucker Kraft,TE,GB,61,,9,https://www.cbssports.com/fantasy/football/news/jacob-gibbs-rankings-fantasy-football-2026-half-ppr/,2026-09-05
Jacob Gibbs,Jordyn Tyson,WR,NO,62,,9,https://www.cbssports.com/fantasy/football/news/jacob-gibbs-rankings-fantasy-football-2026-half-ppr/,2026-09-05
Jacob Gibbs,Travis Etienne Jr.,RB,NO,63,,9,https://www.cbssports.com/fantasy/football/news/jacob-gibbs-rankings-fantasy-football-2026-half-ppr/,2026-09-05
Jacob Gibbs,Josh Downs,WR,IND,64,,9,https://www.cbssports.com/fantasy/football/news/jacob-gibbs-rankings-fantasy-football-2026-half-ppr/,2026-09-05
Jacob Gibbs,Jayden Reed,WR,GB,65,,9,https://www.cbssports.com/fantasy/football/news/jacob-gibbs-rankings-fantasy-football-2026-half-ppr/,2026-09-05
Jacob Gibbs,Carnell Tate,WR,TEN,66,,9,https://www.cbssports.com/fantasy/football/news/jacob-gibbs-rankings-fantasy-football-2026-half-ppr/,2026-09-05
Jacob Gibbs,Jadarian Price,RB,SEA,67,,9,https://www.cbssports.com/fantasy/football/news/jacob-gibbs-rankings-fantasy-football-2026-half-ppr/,2026-09-05
Jacob Gibbs,Harold Fannin Jr.,TE,CLE,68,,9,https://www.cbssports.com/fantasy/football/news/jacob-gibbs-rankings-fantasy-football-2026-half-ppr/,2026-09-05
Jacob Gibbs,Drake Maye,QB,NE,69,,9,https://www.cbssports.com/fantasy/football/news/jacob-gibbs-rankings-fantasy-football-2026-half-ppr/,2026-09-05
Jacob Gibbs,Lamar Jackson,QB,BAL,70,,9,https://www.cbssports.com/fantasy/football/news/jacob-gibbs-rankings-fantasy-football-2026-half-ppr/,2026-09-05
Jacob Gibbs,Michael Pittman Jr.,WR,PIT,71,,9,https://www.cbssports.com/fantasy/football/news/jacob-gibbs-rankings-fantasy-football-2026-half-ppr/,2026-09-05
Jacob Gibbs,Rhamondre Stevenson,RB,NE,72,,9,https://www.cbssports.com/fantasy/football/news/jacob-gibbs-rankings-fantasy-football-2026-half-ppr/,2026-09-05
Jacob Gibbs,Quentin Johnston,WR,LAC,73,,10,https://www.cbssports.com/fantasy/football/news/jacob-gibbs-rankings-fantasy-football-2026-half-ppr/,2026-09-05
Jacob Gibbs,Jayden Daniels,QB,WAS,74,,10,https://www.cbssports.com/fantasy/football/news/jacob-gibbs-rankings-fantasy-football-2026-half-ppr/,2026-09-05
Jacob Gibbs,Stefon Diggs,WR,WAS,75,,10,https://www.cbssports.com/fantasy/football/news/jacob-gibbs-rankings-fantasy-football-2026-half-ppr/,2026-09-05
Jacob Gibbs,Makai Lemon,WR,PHI,76,,10,https://www.cbssports.com/fantasy/football/news/jacob-gibbs-rankings-fantasy-football-2026-half-ppr/,2026-09-05
Jacob Gibbs,Jonathon Brooks,RB,CAR,77,,10,https://www.cbssports.com/fantasy/football/news/jacob-gibbs-rankings-fantasy-football-2026-half-ppr/,2026-09-05
Jacob Gibbs,Caleb Williams,QB,CHI,78,,10,https://www.cbssports.com/fantasy/football/news/jacob-gibbs-rankings-fantasy-football-2026-half-ppr/,2026-09-05
Jacob Gibbs,Justin Herbert,QB,LAC,79,,10,https://www.cbssports.com/fantasy/football/news/jacob-gibbs-rankings-fantasy-football-2026-half-ppr/,2026-09-05
Jacob Gibbs,Jalen Hurts,QB,PHI,80,,10,https://www.cbssports.com/fantasy/football/news/jacob-gibbs-rankings-fantasy-football-2026-half-ppr/,2026-09-05
Jacob Gibbs,Jaylen Warren,RB,PIT,81,,10,https://www.cbssports.com/fantasy/football/news/jacob-gibbs-rankings-fantasy-football-2026-half-ppr/,2026-09-05
Jacob Gibbs,Chris Godwin Jr.,WR,TB,82,,10,https://www.cbssports.com/fantasy/football/news/jacob-gibbs-rankings-fantasy-football-2026-half-ppr/,2026-09-05
Jacob Gibbs,Joe Burrow,QB,CIN,83,,10,https://www.cbssports.com/fantasy/football/news/jacob-gibbs-rankings-fantasy-football-2026-half-ppr/,2026-09-05
Jacob Gibbs,Trevor Lawrence,QB,JAC,84,,10,https://www.cbssports.com/fantasy/football/news/jacob-gibbs-rankings-fantasy-football-2026-half-ppr/,2026-09-05
Jacob Gibbs,Marvin Harrison Jr.,WR,ARI,85,,10,https://www.cbssports.com/fantasy/football/news/jacob-gibbs-rankings-fantasy-football-2026-half-ppr/,2026-09-05
Jacob Gibbs,Jakobi Meyers,WR,JAC,86,,10,https://www.cbssports.com/fantasy/football/news/jacob-gibbs-rankings-fantasy-football-2026-half-ppr/,2026-09-05
Jacob Gibbs,Michael Wilson,WR,ARI,87,,10,https://www.cbssports.com/fantasy/football/news/jacob-gibbs-rankings-fantasy-football-2026-half-ppr/,2026-09-05
Jacob Gibbs,Kyle Pitts Sr.,TE,ATL,88,,10,https://www.cbssports.com/fantasy/football/news/jacob-gibbs-rankings-fantasy-football-2026-half-ppr/,2026-09-05
Jacob Gibbs,Isaiah Likely,TE,NYG,89,,10,https://www.cbssports.com/fantasy/football/news/jacob-gibbs-rankings-fantasy-football-2026-half-ppr/,2026-09-05
Jacob Gibbs,Rachaad White,RB,WAS,90,,11,https://www.cbssports.com/fantasy/football/news/jacob-gibbs-rankings-fantasy-football-2026-half-ppr/,2026-09-05
Jacob Gibbs,Kyle Monangai,RB,CHI,91,,11,https://www.cbssports.com/fantasy/football/news/jacob-gibbs-rankings-fantasy-football-2026-half-ppr/,2026-09-05
Jacob Gibbs,Rico Dowdle,RB,PIT,92,,11,https://www.cbssports.com/fantasy/football/news/jacob-gibbs-rankings-fantasy-football-2026-half-ppr/,2026-09-05
Jacob Gibbs,Jordan Addison,WR,MIN,93,,11,https://www.cbssports.com/fantasy/football/news/jacob-gibbs-rankings-fantasy-football-2026-half-ppr/,2026-09-05
Jacob Gibbs,Wan'Dale Robinson,WR,TEN,94,,11,https://www.cbssports.com/fantasy/football/news/jacob-gibbs-rankings-fantasy-football-2026-half-ppr/,2026-09-05
Jacob Gibbs,Brian Thomas Jr.,WR,JAC,95,,11,https://www.cbssports.com/fantasy/football/news/jacob-gibbs-rankings-fantasy-football-2026-half-ppr/,2026-09-05
Jacob Gibbs,Alec Pierce,WR,IND,96,,11,https://www.cbssports.com/fantasy/football/news/jacob-gibbs-rankings-fantasy-football-2026-half-ppr/,2026-09-05
Jacob Gibbs,Tony Pollard,RB,TEN,97,,11,https://www.cbssports.com/fantasy/football/news/jacob-gibbs-rankings-fantasy-football-2026-half-ppr/,2026-09-05
Jacob Gibbs,Kenny Gainwell,RB,TB,98,,11,https://www.cbssports.com/fantasy/football/news/jacob-gibbs-rankings-fantasy-football-2026-half-ppr/,2026-09-05
Jacob Gibbs,Blake Corum,RB,LAR,99,,11,https://www.cbssports.com/fantasy/football/news/jacob-gibbs-rankings-fantasy-football-2026-half-ppr/,2026-09-05
Jacob Gibbs,Jordan Mason,RB,MIN,100,,11,https://www.cbssports.com/fantasy/football/news/jacob-gibbs-rankings-fantasy-football-2026-half-ppr/,2026-09-05
Jacob Gibbs,Aaron Jones Sr.,RB,MIN,101,,11,https://www.cbssports.com/fantasy/football/news/jacob-gibbs-rankings-fantasy-football-2026-half-ppr/,2026-09-05
Jacob Gibbs,Brock Purdy,QB,SF,102,,11,https://www.cbssports.com/fantasy/football/news/jacob-gibbs-rankings-fantasy-football-2026-half-ppr/,2026-09-05
Jacob Gibbs,RJ Harvey,RB,DEN,103,,12,https://www.cbssports.com/fantasy/football/news/jacob-gibbs-rankings-fantasy-football-2026-half-ppr/,2026-09-05
Jacob Gibbs,Zach Charbonnet,RB,SEA,104,,12,https://www.cbssports.com/fantasy/football/news/jacob-gibbs-rankings-fantasy-football-2026-half-ppr/,2026-09-05
Jacob Gibbs,J.K. Dobbins,RB,DEN,105,,12,https://www.cbssports.com/fantasy/football/news/jacob-gibbs-rankings-fantasy-football-2026-half-ppr/,2026-09-05
Jacob Gibbs,Kyler Murray,QB,MIN,106,,12,https://www.cbssports.com/fantasy/football/news/jacob-gibbs-rankings-fantasy-football-2026-half-ppr/,2026-09-05
Jacob Gibbs,Jaxson Dart,QB,NYG,107,,12,https://www.cbssports.com/fantasy/football/news/jacob-gibbs-rankings-fantasy-football-2026-half-ppr/,2026-09-05
Jacob Gibbs,KC Concepcion,WR,CLE,108,,12,https://www.cbssports.com/fantasy/football/news/jacob-gibbs-rankings-fantasy-football-2026-half-ppr/,2026-09-05
Jacob Gibbs,DK Metcalf,WR,PIT,109,,12,https://www.cbssports.com/fantasy/football/news/jacob-gibbs-rankings-fantasy-football-2026-half-ppr/,2026-09-05
Jacob Gibbs,Jayden Higgins,WR,HOU,110,,12,https://www.cbssports.com/fantasy/football/news/jacob-gibbs-rankings-fantasy-football-2026-half-ppr/,2026-09-05
Jacob Gibbs,Jalen Coker,WR,CAR,111,,12,https://www.cbssports.com/fantasy/football/news/jacob-gibbs-rankings-fantasy-football-2026-half-ppr/,2026-09-05
Jacob Gibbs,Jacory Croskey-Merritt,RB,WAS,112,,12,https://www.cbssports.com/fantasy/football/news/jacob-gibbs-rankings-fantasy-football-2026-half-ppr/,2026-09-05
Jacob Gibbs,Dallas Goedert,TE,PHI,113,,12,https://www.cbssports.com/fantasy/football/news/jacob-gibbs-rankings-fantasy-football-2026-half-ppr/,2026-09-05
Jacob Gibbs,Courtland Sutton,WR,DEN,114,,12,https://www.cbssports.com/fantasy/football/news/jacob-gibbs-rankings-fantasy-football-2026-half-ppr/,2026-09-05
Jacob Gibbs,Xavier Worthy,WR,KC,115,,12,https://www.cbssports.com/fantasy/football/news/jacob-gibbs-rankings-fantasy-football-2026-half-ppr/,2026-09-05
Jacob Gibbs,Romeo Doubs,WR,NE,116,,12,https://www.cbssports.com/fantasy/football/news/jacob-gibbs-rankings-fantasy-football-2026-half-ppr/,2026-09-05
Jacob Gibbs,Malik Willis,QB,MIA,117,,12,https://www.cbssports.com/fantasy/football/news/jacob-gibbs-rankings-fantasy-football-2026-half-ppr/,2026-09-05
Jacob Gibbs,Bo Nix,QB,DEN,118,,12,https://www.cbssports.com/fantasy/football/news/jacob-gibbs-rankings-fantasy-football-2026-half-ppr/,2026-09-05
Jacob Gibbs,Dak Prescott,QB,DAL,119,,12,https://www.cbssports.com/fantasy/football/news/jacob-gibbs-rankings-fantasy-football-2026-half-ppr/,2026-09-05
Jacob Gibbs,Chris Rodriguez Jr.,RB,JAC,120,,12,https://www.cbssports.com/fantasy/football/news/jacob-gibbs-rankings-fantasy-football-2026-half-ppr/,2026-09-05
Jacob Gibbs,Baker Mayfield,QB,TB,121,,12,https://www.cbssports.com/fantasy/football/news/jacob-gibbs-rankings-fantasy-football-2026-half-ppr/,2026-09-05
Jacob Gibbs,Patrick Mahomes II,QB,KC,122,,12,https://www.cbssports.com/fantasy/football/news/jacob-gibbs-rankings-fantasy-football-2026-half-ppr/,2026-09-05
Jacob Gibbs,Jared Goff,QB,DET,123,,12,https://www.cbssports.com/fantasy/football/news/jacob-gibbs-rankings-fantasy-football-2026-half-ppr/,2026-09-05
Jacob Gibbs,Matthew Stafford,QB,LAR,124,,12,https://www.cbssports.com/fantasy/football/news/jacob-gibbs-rankings-fantasy-football-2026-half-ppr/,2026-09-05
Jacob Gibbs,Dalton Kincaid,TE,BUF,125,,13,https://www.cbssports.com/fantasy/football/news/jacob-gibbs-rankings-fantasy-football-2026-half-ppr/,2026-09-05
Jacob Gibbs,George Kittle,TE,SF,126,,13,https://www.cbssports.com/fantasy/football/news/jacob-gibbs-rankings-fantasy-football-2026-half-ppr/,2026-09-05
Jacob Gibbs,Matthew Golden,WR,GB,127,,13,https://www.cbssports.com/fantasy/football/news/jacob-gibbs-rankings-fantasy-football-2026-half-ppr/,2026-09-05
Jacob Gibbs,Chuba Hubbard,RB,CAR,128,,13,https://www.cbssports.com/fantasy/football/news/jacob-gibbs-rankings-fantasy-football-2026-half-ppr/,2026-09-05
Jacob Gibbs,Tyrone Tracy Jr.,RB,NYG,129,,13,https://www.cbssports.com/fantasy/football/news/jacob-gibbs-rankings-fantasy-football-2026-half-ppr/,2026-09-05
Jacob Gibbs,Jonah Coleman,RB,DEN,130,,13,https://www.cbssports.com/fantasy/football/news/jacob-gibbs-rankings-fantasy-football-2026-half-ppr/,2026-09-05
Jacob Gibbs,Deebo Samuel Sr.,WR,SF,131,,13,https://www.cbssports.com/fantasy/football/news/jacob-gibbs-rankings-fantasy-football-2026-half-ppr/,2026-09-05
Jacob Gibbs,Ryan Flournoy,WR,DAL,132,,13,https://www.cbssports.com/fantasy/football/news/jacob-gibbs-rankings-fantasy-football-2026-half-ppr/,2026-09-05
Jacob Gibbs,De'Zhaun Stribling,WR,SF,133,,13,https://www.cbssports.com/fantasy/football/news/jacob-gibbs-rankings-fantasy-football-2026-half-ppr/,2026-09-05
Jacob Gibbs,Jake Ferguson,TE,DAL,134,,13,https://www.cbssports.com/fantasy/football/news/jacob-gibbs-rankings-fantasy-football-2026-half-ppr/,2026-09-05
Jacob Gibbs,Brenton Strange,TE,JAC,135,,13,https://www.cbssports.com/fantasy/football/news/jacob-gibbs-rankings-fantasy-football-2026-half-ppr/,2026-09-05
Jacob Gibbs,Oronde Gadsden II,TE,LAC,136,,14,https://www.cbssports.com/fantasy/football/news/jacob-gibbs-rankings-fantasy-football-2026-half-ppr/,2026-09-05
Jacob Gibbs,Tyjae Spears,RB,TEN,137,,14,https://www.cbssports.com/fantasy/football/news/jacob-gibbs-rankings-fantasy-football-2026-half-ppr/,2026-09-05
Jacob Gibbs,Woody Marks,RB,HOU,138,,14,https://www.cbssports.com/fantasy/football/news/jacob-gibbs-rankings-fantasy-football-2026-half-ppr/,2026-09-05
Jacob Gibbs,Tank Bigsby,RB,PHI,139,,14,https://www.cbssports.com/fantasy/football/news/jacob-gibbs-rankings-fantasy-football-2026-half-ppr/,2026-09-05
Jacob Gibbs,Kimani Vidal,RB,LAC,140,,14,https://www.cbssports.com/fantasy/football/news/jacob-gibbs-rankings-fantasy-football-2026-half-ppr/,2026-09-05
Jacob Gibbs,MarShawn Lloyd,RB,GB,141,,14,https://www.cbssports.com/fantasy/football/news/jacob-gibbs-rankings-fantasy-football-2026-half-ppr/,2026-09-05
Jacob Gibbs,Emmett Johnson,RB,KC,142,,14,https://www.cbssports.com/fantasy/football/news/jacob-gibbs-rankings-fantasy-football-2026-half-ppr/,2026-09-05
Jacob Gibbs,Demond Claiborne,RB,MIN,143,,14,https://www.cbssports.com/fantasy/football/news/jacob-gibbs-rankings-fantasy-football-2026-half-ppr/,2026-09-05
Jacob Gibbs,Khalil Shakir,WR,BUF,144,,14,https://www.cbssports.com/fantasy/football/news/jacob-gibbs-rankings-fantasy-football-2026-half-ppr/,2026-09-05
Jacob Gibbs,Tyler Shough,QB,NO,145,,14,https://www.cbssports.com/fantasy/football/news/jacob-gibbs-rankings-fantasy-football-2026-half-ppr/,2026-09-05
Jacob Gibbs,Omar Cooper Jr.,WR,NYJ,146,,14,https://www.cbssports.com/fantasy/football/news/jacob-gibbs-rankings-fantasy-football-2026-half-ppr/,2026-09-05
Jacob Gibbs,Jauan Jennings,WR,MIN,147,,14,https://www.cbssports.com/fantasy/football/news/jacob-gibbs-rankings-fantasy-football-2026-half-ppr/,2026-09-05
Jacob Gibbs,Malik Washington,WR,MIA,148,,14,https://www.cbssports.com/fantasy/football/news/jacob-gibbs-rankings-fantasy-football-2026-half-ppr/,2026-09-05
Jacob Gibbs,Keaton Mitchell,RB,LAC,149,,14,https://www.cbssports.com/fantasy/football/news/jacob-gibbs-rankings-fantasy-football-2026-half-ppr/,2026-09-05
Jacob Gibbs,Cyrus Allen,WR,KC,150,,14,https://www.cbssports.com/fantasy/football/news/jacob-gibbs-rankings-fantasy-football-2026-half-ppr/,2026-09-05
Jacob Gibbs,Jack Bech,WR,LV,151,,15,https://www.cbssports.com/fantasy/football/news/jacob-gibbs-rankings-fantasy-football-2026-half-ppr/,2026-09-05
Jacob Gibbs,Jalen McMillan,WR,TB,152,,15,https://www.cbssports.com/fantasy/football/news/jacob-gibbs-rankings-fantasy-football-2026-half-ppr/,2026-09-05
Jacob Gibbs,Chris Bell,WR,MIA,153,,15,https://www.cbssports.com/fantasy/football/news/jacob-gibbs-rankings-fantasy-football-2026-half-ppr/,2026-09-05
Jacob Gibbs,Jordan Love,QB,GB,154,,15,https://www.cbssports.com/fantasy/football/news/jacob-gibbs-rankings-fantasy-football-2026-half-ppr/,2026-09-05
Jacob Gibbs,Travis Kelce,TE,KC,155,,15,https://www.cbssports.com/fantasy/football/news/jacob-gibbs-rankings-fantasy-football-2026-half-ppr/,2026-09-05
Jacob Gibbs,C.J. Stroud,QB,HOU,156,,15,https://www.cbssports.com/fantasy/football/news/jacob-gibbs-rankings-fantasy-football-2026-half-ppr/,2026-09-05
Jacob Gibbs,Gunnar Helm,TE,TEN,157,,15,https://www.cbssports.com/fantasy/football/news/jacob-gibbs-rankings-fantasy-football-2026-half-ppr/,2026-09-05
Jacob Gibbs,Daniel Jones,QB,IND,158,,15,https://www.cbssports.com/fantasy/football/news/jacob-gibbs-rankings-fantasy-football-2026-half-ppr/,2026-09-05
Jacob Gibbs,Cam Ward,QB,TEN,159,,15,https://www.cbssports.com/fantasy/football/news/jacob-gibbs-rankings-fantasy-football-2026-half-ppr/,2026-09-05
Jacob Gibbs,Terrance Ferguson,TE,LAR,160,,15,https://www.cbssports.com/fantasy/football/news/jacob-gibbs-rankings-fantasy-football-2026-half-ppr/,2026-09-05
Jacob Gibbs,Mark Andrews,TE,BAL,161,,15,https://www.cbssports.com/fantasy/football/news/jacob-gibbs-rankings-fantasy-football-2026-half-ppr/,2026-09-05
Jacob Gibbs,Dylan Sampson,RB,CLE,162,,15,https://www.cbssports.com/fantasy/football/news/jacob-gibbs-rankings-fantasy-football-2026-half-ppr/,2026-09-05
Jacob Gibbs,Isiah Pacheco,RB,DET,163,,15,https://www.cbssports.com/fantasy/football/news/jacob-gibbs-rankings-fantasy-football-2026-half-ppr/,2026-09-05
Jacob Gibbs,Tyler Allgeier,RB,ARI,164,,15,https://www.cbssports.com/fantasy/football/news/jacob-gibbs-rankings-fantasy-football-2026-half-ppr/,2026-09-05
Jacob Gibbs,Ray Davis,RB,BUF,165,,15,https://www.cbssports.com/fantasy/football/news/jacob-gibbs-rankings-fantasy-football-2026-half-ppr/,2026-09-05
Jacob Gibbs,Jaydon Blue,RB,DAL,166,,15,https://www.cbssports.com/fantasy/football/news/jacob-gibbs-rankings-fantasy-football-2026-half-ppr/,2026-09-05
Jacob Gibbs,Rashid Shaheed,WR,SEA,167,,15,https://www.cbssports.com/fantasy/football/news/jacob-gibbs-rankings-fantasy-football-2026-half-ppr/,2026-09-05
Jacob Gibbs,Ollie Gordon II,RB,MIA,168,,16,https://www.cbssports.com/fantasy/football/news/jacob-gibbs-rankings-fantasy-football-2026-half-ppr/,2026-09-05
Jacob Gibbs,Kaytron Allen,RB,WAS,169,,16,https://www.cbssports.com/fantasy/football/news/jacob-gibbs-rankings-fantasy-football-2026-half-ppr/,2026-09-05
Jacob Gibbs,Tre' Harris,WR,LAC,170,,16,https://www.cbssports.com/fantasy/football/news/jacob-gibbs-rankings-fantasy-football-2026-half-ppr/,2026-09-05
Jacob Gibbs,Pat Bryant,WR,DEN,171,,16,https://www.cbssports.com/fantasy/football/news/jacob-gibbs-rankings-fantasy-football-2026-half-ppr/,2026-09-05
Jacob Gibbs,Dontayvion Wicks,WR,PHI,172,,16,https://www.cbssports.com/fantasy/football/news/jacob-gibbs-rankings-fantasy-football-2026-half-ppr/,2026-09-05
Jacob Gibbs,Zachariah Branch,WR,ATL,173,,16,https://www.cbssports.com/fantasy/football/news/jacob-gibbs-rankings-fantasy-football-2026-half-ppr/,2026-09-05
Jacob Gibbs,Antonio Williams,WR,WAS,174,,16,https://www.cbssports.com/fantasy/football/news/jacob-gibbs-rankings-fantasy-football-2026-half-ppr/,2026-09-05
Jacob Gibbs,Fernando Mendoza,QB,LV,175,,16,https://www.cbssports.com/fantasy/football/news/jacob-gibbs-rankings-fantasy-football-2026-half-ppr/,2026-09-05
