analyst,cbs_id,player_name_abbrev,position,bye_week,overall_rank,auction_value_dollar,source_url,pulled_date
CBS Consensus,3162723,J. Gibbs,RB,6,1,35,https://www.cbssports.com/fantasy/football/rankings/ppr/top200/,2026-09-05
CBS Consensus,3168163,B. Robinson,RB,11,2,33,https://www.cbssports.com/fantasy/football/rankings/ppr/top200/,2026-09-05
CBS Consensus,2966320,J. Chase,WR,6,3,32,https://www.cbssports.com/fantasy/football/rankings/ppr/top200/,2026-09-05
CBS Consensus,3121687,P. Nacua,WR,11,4,29,https://www.cbssports.com/fantasy/football/rankings/ppr/top200/,2026-09-05
CBS Consensus,3162959,J. Smith-Njigba,WR,11,5,29,https://www.cbssports.com/fantasy/football/rankings/ppr/top200/,2026-09-05
CBS Consensus,2967690,A. St. Brown,WR,6,6,28,https://www.cbssports.com/fantasy/football/rankings/ppr/top200/,2026-09-05
CBS Consensus,2866395,J. Taylor,RB,13,7,29,https://www.cbssports.com/fantasy/football/rankings/ppr/top200/,2026-09-05
CBS Consensus,2136743,C. McCaffrey,RB,8,8,25,https://www.cbssports.com/fantasy/football/rankings/ppr/top200/,2026-09-05
CBS Consensus,2975698,J. Cook,RB,7,9,23,https://www.cbssports.com/fantasy/football/rankings/ppr/top200/,2026-09-05
CBS Consensus,2965160,C. Brown,RB,6,10,23,https://www.cbssports.com/fantasy/football/rankings/ppr/top200/,2026-09-05
CBS Consensus,2865251,C. Lamb,WR,14,11,25,https://www.cbssports.com/fantasy/football/rankings/ppr/top200/,2026-09-05
CBS Consensus,3171161,D. Achane,RB,6,12,23,https://www.cbssports.com/fantasy/football/rankings/ppr/top200/,2026-09-05
CBS Consensus,3121372,K. Walker III,RB,5,13,20,https://www.cbssports.com/fantasy/football/rankings/ppr/top200/,2026-09-05
CBS Consensus,28908905,O. Hampton,RB,7,14,19,https://www.cbssports.com/fantasy/football/rankings/ppr/top200/,2026-09-05
CBS Consensus,2871343,J. Jefferson,WR,6,15,22,https://www.cbssports.com/fantasy/football/rankings/ppr/top200/,2026-09-05
CBS Consensus,3127902,D. London,WR,11,16,22,https://www.cbssports.com/fantasy/football/rankings/ppr/top200/,2026-09-05
CBS Consensus,2185957,S. Barkley,RB,10,17,18,https://www.cbssports.com/fantasy/football/rankings/ppr/top200/,2026-09-05
CBS Consensus,2061188,D. Henry,RB,13,18,18,https://www.cbssports.com/fantasy/football/rankings/ppr/top200/,2026-09-05
CBS Consensus,3123212,G. Pickens,WR,14,19,20,https://www.cbssports.com/fantasy/football/rankings/ppr/top200/,2026-09-05
CBS Consensus,2258303,A. Brown,WR,11,20,20,https://www.cbssports.com/fantasy/football/rankings/ppr/top200/,2026-09-05
CBS Consensus,2878193,N. Collins,WR,8,21,19,https://www.cbssports.com/fantasy/football/rankings/ppr/top200/,2026-09-05
CBS Consensus,2963666,C. Olave,WR,8,22,18,https://www.cbssports.com/fantasy/football/rankings/ppr/top200/,2026-09-05
CBS Consensus,3124978,R. Rice,WR,5,23,19,https://www.cbssports.com/fantasy/football/rankings/ppr/top200/,2026-09-05
CBS Consensus,28874008,A. Jeanty,RB,13,24,16,https://www.cbssports.com/fantasy/football/rankings/ppr/top200/,2026-09-05
CBS Consensus,26693971,B. Bowers,TE,13,25,16,https://www.cbssports.com/fantasy/football/rankings/ppr/top200/,2026-09-05
CBS Consensus,2963385,T. McBride,TE,14,26,16,https://www.cbssports.com/fantasy/football/rankings/ppr/top200/,2026-09-05
CBS Consensus,2866975,D. Smith,WR,10,27,16,https://www.cbssports.com/fantasy/football/rankings/ppr/top200/,2026-09-05
CBS Consensus,26697761,M. Nabers,WR,8,28,17,https://www.cbssports.com/fantasy/football/rankings/ppr/top200/,2026-09-05
CBS Consensus,2809208,T. Higgins,WR,6,29,15,https://www.cbssports.com/fantasy/football/rankings/ppr/top200/,2026-09-05
CBS Consensus,3127049,Z. Flowers,WR,13,30,14,https://www.cbssports.com/fantasy/football/rankings/ppr/top200/,2026-09-05
CBS Consensus,28874696,C. Loveland,TE,10,31,13,https://www.cbssports.com/fantasy/football/rankings/ppr/top200/,2026-09-05
CBS Consensus,2961719,J. Williams,RB,14,32,14,https://www.cbssports.com/fantasy/football/rankings/ppr/top200/,2026-09-05
CBS Consensus,2809206,T. Etienne,RB,8,33,12,https://www.cbssports.com/fantasy/football/rankings/ppr/top200/,2026-09-05
CBS Consensus,3163962,L. McConkey,WR,7,34,12,https://www.cbssports.com/fantasy/football/rankings/ppr/top200/,2026-09-05
CBS Consensus,29133405,J. Love,RB,14,35,13,https://www.cbssports.com/fantasy/football/rankings/ppr/top200/,2026-09-05
CBS Consensus,28877124,T. McMillan,WR,5,36,12,https://www.cbssports.com/fantasy/football/rankings/ppr/top200/,2026-09-05
CBS Consensus,2181054,J. Allen,QB,7,37,13,https://www.cbssports.com/fantasy/football/rankings/ppr/top200/,2026-09-05
CBS Consensus,2871710,D. Swift,RB,10,38,12,https://www.cbssports.com/fantasy/football/rankings/ppr/top200/,2026-09-05
CBS Consensus,3121836,K. Williams,RB,11,39,12,https://www.cbssports.com/fantasy/football/rankings/ppr/top200/,2026-09-05
CBS Consensus,3123864,G. Wilson,WR,13,40,12,https://www.cbssports.com/fantasy/football/rankings/ppr/top200/,2026-09-05
CBS Consensus,3123469,B. Hall,RB,13,41,11,https://www.cbssports.com/fantasy/football/rankings/ppr/top200/,2026-09-05
CBS Consensus,2962110,J. Waddle,WR,10,42,12,https://www.cbssports.com/fantasy/football/rankings/ppr/top200/,2026-09-05
CBS Consensus,28874444,L. Burden III,WR,10,43,11,https://www.cbssports.com/fantasy/football/rankings/ppr/top200/,2026-09-05
CBS Consensus,2181169,L. Jackson,QB,13,44,10,https://www.cbssports.com/fantasy/football/rankings/ppr/top200/,2026-09-05
CBS Consensus,26696165,E. Egbuka,WR,10,45,9,https://www.cbssports.com/fantasy/football/rankings/ppr/top200/,2026-09-05
CBS Consensus,2179328,D. Moore,WR,7,46,10,https://www.cbssports.com/fantasy/football/rankings/ppr/top200/,2026-09-05
CBS Consensus,28878286,Q. Judkins,RB,11,47,10,https://www.cbssports.com/fantasy/football/rankings/ppr/top200/,2026-09-05
CBS Consensus,1893167,D. Adams,WR,11,48,9,https://www.cbssports.com/fantasy/football/rankings/ppr/top200/,2026-09-05
CBS Consensus,2139279,T. McLaurin,WR,7,49,9,https://www.cbssports.com/fantasy/football/rankings/ppr/top200/,2026-09-05
CBS Consensus,26693770,B. Irving,RB,10,50,8,https://www.cbssports.com/fantasy/football/rankings/ppr/top200/,2026-09-05
CBS Consensus,26695757,D. Maye,QB,11,51,9,https://www.cbssports.com/fantasy/football/rankings/ppr/top200/,2026-09-05
CBS Consensus,3168800,T. Warren,TE,13,52,8,https://www.cbssports.com/fantasy/football/rankings/ppr/top200/,2026-09-05
CBS Consensus,26697012,C. Skattebo,RB,8,53,7,https://www.cbssports.com/fantasy/football/rankings/ppr/top200/,2026-09-05
CBS Consensus,26732838,B. Tuten,RB,7,54,7,https://www.cbssports.com/fantasy/football/rankings/ppr/top200/,2026-09-05
CBS Consensus,3125968,J. Williams,WR,6,55,7,https://www.cbssports.com/fantasy/football/rankings/ppr/top200/,2026-09-05
CBS Consensus,3168820,P. Washington,WR,7,56,7,https://www.cbssports.com/fantasy/football/rankings/ppr/top200/,2026-09-05
CBS Consensus,2261252,D. Montgomery,RB,8,57,7,https://www.cbssports.com/fantasy/football/rankings/ppr/top200/,2026-09-05
CBS Consensus,28875230,J. Price,RB,11,58,7,https://www.cbssports.com/fantasy/football/rankings/ppr/top200/,2026-09-05
CBS Consensus,3125832,R. Stevenson,RB,11,59,6,https://www.cbssports.com/fantasy/football/rankings/ppr/top200/,2026-09-05
CBS Consensus,3162979,R. Odunze,WR,10,60,6,https://www.cbssports.com/fantasy/football/rankings/ppr/top200/,2026-09-05
CBS Consensus,2869806,C. Watson,WR,11,61,6,https://www.cbssports.com/fantasy/football/rankings/ppr/top200/,2026-09-05
CBS Consensus,3124197,S. LaPorta,TE,6,62,7,https://www.cbssports.com/fantasy/football/rankings/ppr/top200/,2026-09-05
CBS Consensus,2179798,J. Burrow,QB,6,63,9,https://www.cbssports.com/fantasy/football/rankings/ppr/top200/,2026-09-05
CBS Consensus,26701883,M. Harrison Jr.,WR,14,64,5,https://www.cbssports.com/fantasy/football/rankings/ppr/top200/,2026-09-05
CBS Consensus,3162514,M. Lloyd,RB,11,65,6,https://www.cbssports.com/fantasy/football/rankings/ppr/top200/,2026-09-05
CBS Consensus,3133332,T. Kraft,TE,11,66,6,https://www.cbssports.com/fantasy/football/rankings/ppr/top200/,2026-09-05
CBS Consensus,2964514,K. Pitts,TE,11,67,6,https://www.cbssports.com/fantasy/football/rankings/ppr/top200/,2026-09-05
CBS Consensus,2240246,J. Hurts,QB,10,68,6,https://www.cbssports.com/fantasy/football/rankings/ppr/top200/,2026-09-05
CBS Consensus,2818150,C. Godwin,WR,10,69,5,https://www.cbssports.com/fantasy/football/rankings/ppr/top200/,2026-09-05
CBS Consensus,3123337,J. Daniels,QB,7,70,7,https://www.cbssports.com/fantasy/football/rankings/ppr/top200/,2026-09-05
CBS Consensus,3132164,B. Thomas Jr.,WR,7,71,6,https://www.cbssports.com/fantasy/football/rankings/ppr/top200/,2026-09-05
CBS Consensus,1824909,M. Evans,WR,8,72,5,https://www.cbssports.com/fantasy/football/rankings/ppr/top200/,2026-09-05
CBS Consensus,26730706,J. Brooks,RB,5,73,5,https://www.cbssports.com/fantasy/football/rankings/ppr/top200/,2026-09-05
CBS Consensus,2252798,R. Dowdle,RB,9,74,5,https://www.cbssports.com/fantasy/football/rankings/ppr/top200/,2026-09-05
CBS Consensus,2184011,T. Pollard,RB,9,75,5,https://www.cbssports.com/fantasy/football/rankings/ppr/top200/,2026-09-05
CBS Consensus,26699547,T. Henderson,RB,11,76,5,https://www.cbssports.com/fantasy/football/rankings/ppr/top200/,2026-09-05
CBS Consensus,3126535,J. Warren,RB,9,77,4,https://www.cbssports.com/fantasy/football/rankings/ppr/top200/,2026-09-05
CBS Consensus,2218461,C. Sutton,WR,10,78,4,https://www.cbssports.com/fantasy/football/rankings/ppr/top200/,2026-09-05
CBS Consensus,3162609,Q. Johnston,WR,7,79,4,https://www.cbssports.com/fantasy/football/rankings/ppr/top200/,2026-09-05
CBS Consensus,1824864,D. Prescott,QB,14,80,4,https://www.cbssports.com/fantasy/football/rankings/ppr/top200/,2026-09-05
CBS Consensus,3126952,J. Croskey-Merritt,RB,7,81,4,https://www.cbssports.com/fantasy/football/rankings/ppr/top200/,2026-09-05
CBS Consensus,3162290,J. Addison,WR,6,82,3,https://www.cbssports.com/fantasy/football/rankings/ppr/top200/,2026-09-05
CBS Consensus,2961906,I. Likely,TE,8,83,4,https://www.cbssports.com/fantasy/football/rankings/ppr/top200/,2026-09-05
CBS Consensus,2260185,D. Metcalf,WR,9,84,3,https://www.cbssports.com/fantasy/football/rankings/ppr/top200/,2026-09-05
CBS Consensus,2804420,J. Dobbins,RB,10,85,3,https://www.cbssports.com/fantasy/football/rankings/ppr/top200/,2026-09-05
CBS Consensus,2965181,M. Wilson,WR,14,86,3,https://www.cbssports.com/fantasy/football/rankings/ppr/top200/,2026-09-05
CBS Consensus,2965664,A. Pierce,WR,13,87,3,https://www.cbssports.com/fantasy/football/rankings/ppr/top200/,2026-09-05
CBS Consensus,2818265,G. Kittle,TE,8,88,3,https://www.cbssports.com/fantasy/football/rankings/ppr/top200/,2026-09-05
CBS Consensus,29124411,C. Tate,WR,9,89,3,https://www.cbssports.com/fantasy/football/rankings/ppr/top200/,2026-09-05
CBS Consensus,2967536,J. Mason,RB,6,90,3,https://www.cbssports.com/fantasy/football/rankings/ppr/top200/,2026-09-05
CBS Consensus,28900882,H. Fannin Jr.,TE,11,91,3,https://www.cbssports.com/fantasy/football/rankings/ppr/top200/,2026-09-05
CBS Consensus,3162970,J. Downs,WR,13,92,3,https://www.cbssports.com/fantasy/football/rankings/ppr/top200/,2026-09-05
CBS Consensus,2221960,J. Herbert,QB,7,93,3,https://www.cbssports.com/fantasy/football/rankings/ppr/top200/,2026-09-05
CBS Consensus,2000038,S. Diggs,WR,7,94,2,https://www.cbssports.com/fantasy/football/rankings/ppr/top200/,2026-09-05
CBS Consensus,2967185,T. Lawrence,QB,7,95,2,https://www.cbssports.com/fantasy/football/rankings/ppr/top200/,2026-09-05
CBS Consensus,3169252,B. Corum,RB,11,96,2,https://www.cbssports.com/fantasy/football/rankings/ppr/top200/,2026-09-05
CBS Consensus,2968948,K. Gainwell,RB,10,97,2,https://www.cbssports.com/fantasy/football/rankings/ppr/top200/,2026-09-05
CBS Consensus,26695775,C. Williams,QB,10,98,2,https://www.cbssports.com/fantasy/football/rankings/ppr/top200/,2026-09-05
CBS Consensus,2967762,J. Reed,WR,11,99,3,https://www.cbssports.com/fantasy/football/rankings/ppr/top200/,2026-09-05
CBS Consensus,2961306,B. Purdy,QB,8,100,2,https://www.cbssports.com/fantasy/football/rankings/ppr/top200/,2026-09-05
CBS Consensus,29123718,K. Concepcion,WR,11,101,2,https://www.cbssports.com/fantasy/football/rankings/ppr/top200/,2026-09-05
CBS Consensus,3121207,R. Harvey,RB,10,102,2,https://www.cbssports.com/fantasy/football/rankings/ppr/top200/,2026-09-05
CBS Consensus,2865693,C. Hubbard,RB,5,103,2,https://www.cbssports.com/fantasy/football/rankings/ppr/top200/,2026-09-05
CBS Consensus,3169147,R. White,RB,7,104,2,https://www.cbssports.com/fantasy/football/rankings/ppr/top200/,2026-09-05
CBS Consensus,3177368,K. Monangai,RB,10,105,2,https://www.cbssports.com/fantasy/football/rankings/ppr/top200/,2026-09-05
CBS Consensus,26693539,M. Washington Jr.,RB,13,106,2,https://www.cbssports.com/fantasy/football/rankings/ppr/top200/,2026-09-05
CBS Consensus,3163990,J. Coker,WR,5,107,2,https://www.cbssports.com/fantasy/football/rankings/ppr/top200/,2026-09-05
CBS Consensus,1725130,T. Kelce,TE,5,108,2,https://www.cbssports.com/fantasy/football/rankings/ppr/top200/,2026-09-05
CBS Consensus,2240188,M. Pittman,WR,9,109,2,https://www.cbssports.com/fantasy/football/rankings/ppr/top200/,2026-09-05
CBS Consensus,2132551,D. Goedert,TE,10,110,2,https://www.cbssports.com/fantasy/football/rankings/ppr/top200/,2026-09-05
CBS Consensus,2061053,J. Goff,QB,6,111,2,https://www.cbssports.com/fantasy/football/rankings/ppr/top200/,2026-09-05
CBS Consensus,2071937,A. Jones,RB,6,112,1,https://www.cbssports.com/fantasy/football/rankings/ppr/top200/,2026-09-05
CBS Consensus,3171045,W. Marks,RB,8,113,1,https://www.cbssports.com/fantasy/football/rankings/ppr/top200/,2026-09-05
CBS Consensus,26696676,D. Stribling,WR,8,114,2,https://www.cbssports.com/fantasy/football/rankings/ppr/top200/,2026-09-05
CBS Consensus,28874927,M. Golden,WR,11,115,2,https://www.cbssports.com/fantasy/football/rankings/ppr/top200/,2026-09-05
CBS Consensus,2964667,C. Rodriguez Jr.,RB,7,116,1,https://www.cbssports.com/fantasy/football/rankings/ppr/top200/,2026-09-05
CBS Consensus,2257876,J. Jacobs,RB,11,117,1,https://www.cbssports.com/fantasy/football/rankings/ppr/top200/,2026-09-05
CBS Consensus,2139735,D. Samuel,WR,8,118,1,https://www.cbssports.com/fantasy/football/rankings/ppr/top200/,2026-09-05
CBS Consensus,2183835,J. Meyers,WR,7,119,1,https://www.cbssports.com/fantasy/football/rankings/ppr/top200/,2026-09-05
CBS Consensus,29123772,M. Lemon,WR,10,120,1,https://www.cbssports.com/fantasy/football/rankings/ppr/top200/,2026-09-05
CBS Consensus,26694019,J. Dart,QB,8,121,1,https://www.cbssports.com/fantasy/football/rankings/ppr/top200/,2026-09-05
CBS Consensus,3124107,W. Robinson,WR,9,122,2,https://www.cbssports.com/fantasy/football/rankings/ppr/top200/,2026-09-05
CBS Consensus,2982991,D. Kincaid,TE,7,123,2,https://www.cbssports.com/fantasy/football/rankings/ppr/top200/,2026-09-05
CBS Consensus,1114942,M. Stafford,QB,11,124,1,https://www.cbssports.com/fantasy/football/rankings/ppr/top200/,2026-09-05
CBS Consensus,3123810,Z. Charbonnet,RB,11,125,1,https://www.cbssports.com/fantasy/football/rankings/ppr/top200/,2026-09-05
CBS Consensus,3122588,T. Spears,RB,9,126,1,https://www.cbssports.com/fantasy/football/rankings/ppr/top200/,2026-09-05
CBS Consensus,2961886,R. Doubs,WR,11,127,1,https://www.cbssports.com/fantasy/football/rankings/ppr/top200/,2026-09-05
CBS Consensus,28900885,J. Tyson,WR,8,128,1,https://www.cbssports.com/fantasy/football/rankings/ppr/top200/,2026-09-05
CBS Consensus,2975590,T. Allgeier,RB,14,129,1,https://www.cbssports.com/fantasy/football/rankings/ppr/top200/,2026-09-05
CBS Consensus,28877250,J. Coleman,RB,10,130,1,https://www.cbssports.com/fantasy/football/rankings/ppr/top200/,2026-09-05
CBS Consensus,2131121,M. Andrews,TE,13,131,1,https://www.cbssports.com/fantasy/football/rankings/ppr/top200/,2026-09-05
CBS Consensus,3121848,T. Tucker,WR,13,132,1,https://www.cbssports.com/fantasy/football/rankings/ppr/top200/,2026-09-05
CBS Consensus,2142052,P. Mahomes,QB,5,133,1,https://www.cbssports.com/fantasy/football/rankings/ppr/top200/,2026-09-05
CBS Consensus,3121193,B. Nix,QB,10,134,1,https://www.cbssports.com/fantasy/football/rankings/ppr/top200/,2026-09-05
CBS Consensus,2180829,K. Murray,QB,6,135,1,https://www.cbssports.com/fantasy/football/rankings/ppr/top200/,2026-09-05
CBS Consensus,26730787,X. Worthy,WR,5,136,1,https://www.cbssports.com/fantasy/football/rankings/ppr/top200/,2026-09-05
CBS Consensus,3162021,T. Bigsby,RB,10,137,0,https://www.cbssports.com/fantasy/football/rankings/ppr/top200/,2026-09-05
CBS Consensus,28877097,E. Johnson,RB,5,138,1,https://www.cbssports.com/fantasy/football/rankings/ppr/top200/,2026-09-05
CBS Consensus,2969119,K. Shakir,WR,7,139,1,https://www.cbssports.com/fantasy/football/rankings/ppr/top200/,2026-09-05
CBS Consensus,2239997,J. Love,QB,11,140,1,https://www.cbssports.com/fantasy/football/rankings/ppr/top200/,2026-09-05
CBS Consensus,28912068,D. Sampson,RB,11,141,1,https://www.cbssports.com/fantasy/football/rankings/ppr/top200/,2026-09-05
CBS Consensus,28875368,D. Boston,WR,11,142,1,https://www.cbssports.com/fantasy/football/rankings/ppr/top200/,2026-09-05
CBS Consensus,2804167,M. Willis,QB,6,143,1,https://www.cbssports.com/fantasy/football/rankings/ppr/top200/,2026-09-05
CBS Consensus,1737096,K. Allen,WR,13,144,1,https://www.cbssports.com/fantasy/football/rankings/ppr/top200/,2026-09-05
CBS Consensus,2741207,B. Robinson Jr.,RB,11,145,0,https://www.cbssports.com/fantasy/football/rankings/ppr/top200/,2026-09-05
CBS Consensus,3162599,K. Black,RB,8,146,0,https://www.cbssports.com/fantasy/football/rankings/ppr/top200/,2026-09-05
CBS Consensus,3164710,K. Mitchell,RB,7,147,0,https://www.cbssports.com/fantasy/football/rankings/ppr/top200/,2026-09-05
CBS Consensus,2186637,J. Johnson,TE,8,148,1,https://www.cbssports.com/fantasy/football/rankings/ppr/top200/,2026-09-05
CBS Consensus,2136748,D. Schultz,TE,8,149,1,https://www.cbssports.com/fantasy/football/rankings/ppr/top200/,2026-09-05
CBS Consensus,28900321,C. Douglas,WR,6,150,1,https://www.cbssports.com/fantasy/football/rankings/ppr/top200/,2026-09-05
CBS Consensus,26726580,B. Allen,RB,13,151,0,https://www.cbssports.com/fantasy/football/rankings/ppr/top200/,2026-09-05
CBS Consensus,2964064,T. Shough,QB,8,152,1,https://www.cbssports.com/fantasy/football/rankings/ppr/top200/,2026-09-05
CBS Consensus,3163170,K. Boutte,WR,8,153,1,https://www.cbssports.com/fantasy/football/rankings/ppr/top200/,2026-09-05
CBS Consensus,3124729,M. Washington,WR,6,154,1,https://www.cbssports.com/fantasy/football/rankings/ppr/top200/,2026-09-05
CBS Consensus,28877196,C. Bell,WR,6,155,0,https://www.cbssports.com/fantasy/football/rankings/ppr/top200/,2026-09-05
CBS Consensus,2964274,G. Dulcich,TE,6,156,1,https://www.cbssports.com/fantasy/football/rankings/ppr/top200/,2026-09-05
CBS Consensus,26701928,A. Mitchell,WR,13,157,1,https://www.cbssports.com/fantasy/football/rankings/ppr/top200/,2026-09-05
CBS Consensus,26701481,T. Ferguson,TE,11,158,1,https://www.cbssports.com/fantasy/football/rankings/ppr/top200/,2026-09-05
CBS Consensus,2867159,J. Ferguson,TE,14,159,1,https://www.cbssports.com/fantasy/football/rankings/ppr/top200/,2026-09-05
CBS Consensus,3123108,R. Davis,RB,7,160,0,https://www.cbssports.com/fantasy/football/rankings/ppr/top200/,2026-09-05
CBS Consensus,26706066,M. Fields,WR,8,161,0,https://www.cbssports.com/fantasy/football/rankings/ppr/top200/,2026-09-05
CBS Consensus,2963637,T. Tracy Jr.,RB,8,162,0,https://www.cbssports.com/fantasy/football/rankings/ppr/top200/,2026-09-05
CBS Consensus,2082721,A. Kamara,RB,8,163,0,https://www.cbssports.com/fantasy/football/rankings/ppr/top200/,2026-09-05
CBS Consensus,29158151,J. Lane,WR,13,164,0,https://www.cbssports.com/fantasy/football/rankings/ppr/top200/,2026-09-05
CBS Consensus,28875899,C. Allen,WR,5,165,0,https://www.cbssports.com/fantasy/football/rankings/ppr/top200/,2026-09-05
CBS Consensus,3162347,J. McMillan,WR,10,166,0,https://www.cbssports.com/fantasy/football/rankings/ppr/top200/,2026-09-05
CBS Consensus,3163421,K. Vidal,RB,7,167,0,https://www.cbssports.com/fantasy/football/rankings/ppr/top200/,2026-09-05
CBS Consensus,2960940,R. Bateman,WR,13,168,0,https://www.cbssports.com/fantasy/football/rankings/ppr/top200/,2026-09-05
CBS Consensus,2080032,B. Mayfield,QB,10,169,1,https://www.cbssports.com/fantasy/football/rankings/ppr/top200/,2026-09-05
CBS Consensus,3121696,B. Strange,TE,7,170,1,https://www.cbssports.com/fantasy/football/rankings/ppr/top200/,2026-09-05
CBS Consensus,2962350,C. Brooks,RB,11,171,0,https://www.cbssports.com/fantasy/football/rankings/ppr/top200/,2026-09-05
CBS Consensus,2250863,R. Shaheed,WR,11,172,0,https://www.cbssports.com/fantasy/football/rankings/ppr/top200/,2026-09-05
CBS Consensus,2741200,N. Harris,RB,8,173,0,https://www.cbssports.com/fantasy/football/rankings/ppr/top200/,2026-09-05
CBS Consensus,2966551,I. Pacheco,RB,6,174,0,https://www.cbssports.com/fantasy/football/rankings/ppr/top200/,2026-09-05
CBS Consensus,2967232,J. Nailor,WR,13,175,0,https://www.cbssports.com/fantasy/football/rankings/ppr/top200/,2026-09-05
CBS Consensus,2071585,J. Conner,RB,14,176,2,https://www.cbssports.com/fantasy/football/rankings/ppr/top200/,2026-09-05
CBS Consensus,2079848,H. Henry,TE,11,177,0,https://www.cbssports.com/fantasy/football/rankings/ppr/top200/,2026-09-05
CBS Consensus,3131661,G. Holani,RB,11,178,0,https://www.cbssports.com/fantasy/football/rankings/ppr/top200/,2026-09-05
CBS Consensus,3162525,T. Harris,WR,7,179,0,https://www.cbssports.com/fantasy/football/rankings/ppr/top200/,2026-09-05
CBS Consensus,2965208,C. Okonkwo,TE,7,180,0,https://www.cbssports.com/fantasy/football/rankings/ppr/top200/,2026-09-05
CBS Consensus,26697415,P. Bryant,WR,10,181,0,https://www.cbssports.com/fantasy/football/rankings/ppr/top200/,2026-09-05
CBS Consensus,2773009,M. Davis,RB,14,182,0,https://www.cbssports.com/fantasy/football/rankings/ppr/top200/,2026-09-05
CBS Consensus,28878358,G. Bernard,WR,9,183,0,https://www.cbssports.com/fantasy/football/rankings/ppr/top200/,2026-09-05
CBS Consensus,29123979,Z. Branch,WR,11,184,0,https://www.cbssports.com/fantasy/football/rankings/ppr/top200/,2026-09-05
CBS Consensus,29421796,T. Hurst,WR,10,185,0,https://www.cbssports.com/fantasy/football/rankings/ppr/top200/,2026-09-05
CBS Consensus,1850793,D. Waller,TE,5,186,0,https://www.cbssports.com/fantasy/football/rankings/ppr/top200/,2026-09-05
CBS Consensus,28877974,A. Williams,WR,7,187,0,https://www.cbssports.com/fantasy/football/rankings/ppr/top200/,2026-09-05
CBS Consensus,28891456,R. Flournoy,WR,14,188,0,https://www.cbssports.com/fantasy/football/rankings/ppr/top200/,2026-09-05
CBS Consensus,2251097,T. Hockenson,TE,6,189,0,https://www.cbssports.com/fantasy/football/rankings/ppr/top200/,2026-09-05
CBS Consensus,28909849,T. Hunter,WR,7,190,0,https://www.cbssports.com/fantasy/football/rankings/ppr/top200/,2026-09-05
CBS Consensus,28876754,N. Singleton,RB,9,191,0,https://www.cbssports.com/fantasy/football/rankings/ppr/top200/,2026-09-05
CBS Consensus,28900921,O. Cooper Jr.,WR,13,192,0,https://www.cbssports.com/fantasy/football/rankings/ppr/top200/,2026-09-05
CBS Consensus,3161581,S. McGowan,RB,13,193,0,https://www.cbssports.com/fantasy/football/rankings/ppr/top200/,2026-09-05
CBS Consensus,2250388,J. Hill,RB,13,194,0,https://www.cbssports.com/fantasy/football/rankings/ppr/top200/,2026-09-05
CBS Consensus,2131148,S. Perine,RB,6,195,0,https://www.cbssports.com/fantasy/football/rankings/ppr/top200/,2026-09-05
CBS Consensus,3169283,A. Barner,TE,11,196,0,https://www.cbssports.com/fantasy/football/rankings/ppr/top200/,2026-09-05
CBS Consensus,28883197,D. Claiborne,RB,6,197,0,https://www.cbssports.com/fantasy/football/rankings/ppr/top200/,2026-09-05
CBS Consensus,3122375,D. Wicks,WR,10,198,0,https://www.cbssports.com/fantasy/football/rankings/ppr/top200/,2026-09-05
CBS Consensus,28916212,J. James,RB,8,199,0,https://www.cbssports.com/fantasy/football/rankings/ppr/top200/,2026-09-05
CBS Consensus,2186328,C. Ridley,WR,9,200,2,https://www.cbssports.com/fantasy/football/rankings/ppr/top200/,2026-09-05
